발생년,발생년월일시분,발생분,주야,요일,사망자수,사상자수,중상자수,경상자수,부상신고자수,발생지시도,발생지시군구,사고유형_대분류,사고유형_중분류,사고유형,법규위반_대분류,법규위반,도로형태_대분류,도로형태,당사자종별_1당_대분류,당사자종별_1당,당사자종별_2당_대분류,당사자종별_2당,발생위치X_UTMK,발생위치Y_UTMK,경도,위도
2017,2017-03-10,1,야간,금,1,1,0,0,0,전북,김제시,차량단독,공작물충돌,공작물충돌,운전자법규위반,안전운전 의무 불이행,단일로,기타단일로,원동기장치자전거,원동기장치자전거,없음,없음,944040,1767772,126.8798496,35.90497985
2017,2017-03-11,0,야간,토,1,1,0,0,0,경기,수원시,차대사람,횡단중,횡단중,운전자법규위반,안전운전 의무 불이행,기타,기타,승용차,승용차,보행자,보행자,957959,1918517,127.0258555,37.26460654
2017,2017-03-11,20,야간,토,1,1,0,0,0,전북,고창군,차대사람,기타,기타,운전자법규위반,안전운전 의무 불이행,단일로,기타단일로,화물차,화물차,보행자,보행자,922204,1712811,126.6431926,35.40798864
2017,2017-03-11,25,야간,토,1,1,0,0,0,전남,여수시,차대사람,횡단중,횡단중,운전자법규위반,과속,교차로,교차로횡단보도내,승용차,승용차,보행자,보행자,1014905,1641307,127.6628774,34.76614505
2017,2017-03-11,40,주간,토,1,1,0,0,0,경기,평택시,차대차,정면충돌,정면충돌,운전자법규위반,과속,교차로,교차로내,승용차,승용차,원동기장치자전거,원동기장치자전거,962224,1890223,127.0753833,37.00974809
2017,2017-03-11,20,주간,토,1,1,0,0,0,충남,천안시,차대차,정면충돌,정면충돌,운전자법규위반,신호위반,교차로,교차로내,이륜차,이륜차,건설기계,건설기계,966655,1859676,127.1265313,36.73455199
2017,2017-03-11,39,야간,토,1,1,0,0,0,경기,연천군,차대사람,횡단중,횡단중,운전자법규위반,과속,교차로,교차로내,승용차,승용차,보행자,보행자,961746,2003851,127.0640923,38.03390049
2017,2017-03-11,14,야간,토,1,1,0,0,0,인천,강화군,차대사람,횡단중,횡단중,운전자법규위반,보행자 보호의무 위반,단일로,기타단일로,승용차,승용차,보행자,보행자,910974,1972332,126.4894903,37.74629384
2017,2017-03-11,5,야간,토,1,10,3,6,0,경북,포항시,차대차,측면충돌,측면충돌,운전자법규위반,직진 및 우회전차의 통행방해,교차로,교차로내,화물차,화물차,승합차,승합차,1174120,1778729,129.4315646,35.98981621
2017,2017-03-12,27,야간,일,1,1,0,0,0,대전,동구,차량단독,전도전복,전도전복,운전자법규위반,안전운전 의무 불이행,단일로,기타단일로,원동기장치자전거,원동기장치자전거,없음,없음,994175,1816044,127.4350882,36.34177215
2017,2017-03-12,10,주간,일,1,1,0,0,0,경남,밀양시,차량단독,전도전복,전도전복,운전자법규위반,안전운전 의무 불이행,단일로,기타단일로,이륜차,이륜차,없음,없음,1110501,1711485,128.7167631,35.39294323
2017,2017-03-12,10,주간,일,1,1,0,0,0,충남,아산시,차량단독,전도,전도,운전자법규위반,안전운전 의무 불이행,교차로,교차로내,특수차,특수차,없음,없음,956383,1879297,127.0103613,36.91100634
2017,2017-03-12,50,주간,일,1,1,0,0,0,전남,여수시,차대차,측면충돌,측면충돌,운전자법규위반,안전거리 미확보,단일로,기타단일로,원동기장치자전거,원동기장치자전거,승용차,승용차,1020907,1638533,127.7279577,34.74125793
2017,2017-03-12,20,야간,일,1,1,0,0,0,충남,청양군,차대차,측면충돌,측면충돌,운전자법규위반,안전운전 의무 불이행,교차로,교차로내,승용차,승용차,이륜차,이륜차,937140,1830046,126.7983992,36.46596023
2017,2017-03-12,40,야간,일,1,3,2,0,0,전남,보성군,차대차,추돌,추돌,운전자법규위반,안전운전 의무 불이행,교차로,교차로부근,화물차,화물차,승합차,승합차,991099,1649633,127.4026442,34.84129668
2017,2017-03-12,20,야간,일,1,1,0,0,0,경기,시흥시,차대사람,기타,기타,운전자법규위반,과속,단일로,기타단일로,승합차,승합차,보행자,보행자,936344,1929096,126.7811857,37.35873046
2017,2017-03-12,40,야간,일,1,1,0,0,0,서울,성동구,차대차,기타,기타,운전자법규위반,안전운전 의무 불이행,교차로,교차로내,이륜차,이륜차,화물차,화물차,959708,1952047,127.0437508,37.56690688
2017,2017-03-13,47,야간,월,2,2,0,0,0,서울,영등포구,차대차,추돌,추돌,운전자법규위반,안전운전 의무 불이행,단일로,기타단일로,승용차,승용차,화물차,화물차,947562,1948627,126.9064652,37.53547046
2017,2017-03-13,25,야간,월,1,2,1,0,0,서울,강북구,차대차,정면충돌,정면충돌,운전자법규위반,신호위반,교차로,교차로내,승용차,승용차,원동기장치자전거,원동기장치자전거,957511,1957937,127.0185318,37.6198959
2017,2017-03-13,0,주간,월,1,3,0,2,0,세종,세종,차대차,측면충돌,측면충돌,정비불량,정비불량 제차의 운전금지위반,단일로,교량위,화물차,화물차,승용차,승용차,978821,1830020,127.2636079,36.46755397
2017,2017-03-13,56,주간,월,1,3,2,0,0,경기,고양시,차대차,추돌,추돌,운전자법규위반,안전운전 의무 불이행,단일로,교량위,승용차,승용차,승용차,승용차,940257,1956376,126.8231547,37.60486715
2017,2017-03-13,58,주간,월,1,1,0,0,0,전남,목포시,차대사람,횡단중,횡단중,운전자법규위반,안전운전 의무 불이행,교차로,교차로부근,승용차,승용차,보행자,보행자,897751,1643861,126.382367,34.78418135
2017,2017-03-13,35,주간,월,1,1,0,0,0,강원,원주시,차대차,기타,기타,운전자법규위반,중앙선 침범,교차로,교차로내,승용차,승용차,이륜차,이륜차,1041732,1926755,127.9711226,37.33887501
2017,2017-03-13,27,주간,월,1,1,0,0,0,전남,보성군,차량단독,전도,전도,운전자법규위반,안전운전 의무 불이행,기타,기타,화물차,화물차,없음,없음,956068,1645172,127.0197289,34.80016001
2017,2017-03-13,43,주간,월,1,2,0,1,0,경기,양평군,차대차,측면충돌,측면충돌,운전자법규위반,신호위반,교차로,교차로내,원동기장치자전거,원동기장치자전거,화물차,화물차,1000150,1943164,127.5016968,37.48772046
2017,2017-03-13,0,주간,월,1,1,0,0,0,경북,의성군,차대차,측면충돌,측면충돌,운전자법규위반,앞지르기 금지위반,교차로,교차로부근,화물차,화물차,농기계,농기계,1084327,1817330,128.4397938,36.3496879
2017,2017-03-13,40,야간,월,1,1,0,0,0,경기,안성시,차대사람,기타,기타,운전자법규위반,안전운전 의무 불이행,단일로,기타단일로,승용차,승용차,보행자,보행자,974510,1883507,127.2137076,36.94962146
2017,2017-03-14,13,야간,화,1,1,0,0,0,전남,나주시,차대사람,차도통행중,차도통행중,운전자법규위반,안전운전 의무 불이행,교차로,교차로부근,승용차,승용차,보행자,보행자,937338,1671956,126.812971,35.04068877
2017,2017-03-14,25,야간,화,1,1,0,0,0,부산,수영구,차량단독,전도전복,전도전복,운전자법규위반,안전운전 의무 불이행,교차로,교차로부근,이륜차,이륜차,없음,없음,1147409,1687823,129.1187853,35.17488953
2017,2017-03-14,42,야간,화,1,1,0,0,0,경기,시흥시,차대차,정면충돌,정면충돌,운전자법규위반,신호위반,교차로,교차로내,화물차,화물차,승용차,승용차,932501,1925937,126.738081,37.3299864
2017,2017-03-14,50,주간,화,1,6,1,3,1,경기,안산시,차대차,추돌,추돌,운전자법규위반,안전운전 의무 불이행,단일로,기타단일로,화물차,화물차,승용차,승용차,953936,1952044,126.9783937,37.56660917
2017,2017-03-14,10,주간,화,1,1,0,0,0,충남,논산시,차대사람,차도통행중,차도통행중,운전자법규위반,안전운전 의무 불이행,교차로,교차로부근,승용차,승용차,보행자,보행자,956223,1796209,127.0132822,36.16197689
2017,2017-03-14,33,주간,화,1,1,0,0,0,경북,청송군,차량단독,도로이탈,도로이탈 기타,운전자법규위반,안전운전 의무 불이행,단일로,기타단일로,승용차,승용차,없음,없음,1143564,1837874,129.1035893,36.52781141
2017,2017-03-14,15,주간,화,1,1,0,0,0,부산,사상구,차대사람,횡단중,횡단중,운전자법규위반,안전운전 의무 불이행,교차로,교차로부근,승합차,승합차,보행자,보행자,1134795,1686171,128.9805679,35.1626958
2017,2017-03-14,40,야간,화,1,1,0,0,0,경북,안동시,차대사람,횡단중,횡단중,운전자법규위반,안전운전 의무 불이행,교차로,교차로내,화물차,화물차,보행자,보행자,1110278,1841314,128.7323711,36.56323557
2017,2017-03-14,40,야간,화,1,1,0,0,0,전남,신안군,차대차,기타,기타,운전자법규위반,안전운전 의무 불이행,단일로,기타단일로,화물차,화물차,화물차,화물차,877679,1668725,126.1594629,35.00609559
2017,2017-03-14,25,야간,화,1,1,0,0,0,광주,남구,차대사람,횡단중,횡단중,운전자법규위반,안전운전 의무 불이행,단일로,기타단일로,승용차,승용차,보행자,보행자,944707,1683175,126.8930315,35.14226718
2017,2017-03-15,45,야간,수,1,1,0,0,0,전남,순천시,차대사람,횡단중,횡단중,운전자법규위반,보행자 보호의무 위반,교차로,교차로횡단보도내,승용차,승용차,보행자,보행자,999922,1661233,127.4991458,34.94593979
2017,2017-03-15,33,야간,수,1,1,0,0,0,경기,안산시,차대사람,기타,기타,운전자법규위반,과속,단일로,기타단일로,승용차,승용차,보행자,보행자,939647,1928135,126.8185596,37.3502895
2017,2017-03-15,40,야간,수,1,1,0,0,0,전남,진도군,차량단독,기타,기타,운전자법규위반,안전운전 의무 불이행,단일로,기타단일로,승용차,승용차,없음,없음,886660,1619666,126.2643728,34.5642884
2017,2017-03-15,30,주간,수,1,5,0,4,0,경기,시흥시,차대차,추돌,추돌,운전자법규위반,안전거리 미확보,단일로,기타단일로,화물차,화물차,화물차,화물차,934216,1929951,126.7570818,37.36628822
2017,2017-03-15,0,주간,수,1,1,0,0,0,광주,광산구,차대차,정면충돌,정면충돌,운전자법규위반,안전운전 의무 불이행,교차로,교차로내,승합차,승합차,자전거,자전거,936492,1683229,126.8028315,35.14228044
2017,2017-03-15,55,주간,수,1,1,0,0,0,충남,서산시,차대차,측면충돌,측면충돌,운전자법규위반,신호위반,교차로,교차로내,이륜차,이륜차,건설기계,건설기계,913529,1853936,126.532215,36.6794598
2017,2017-03-15,40,주간,수,1,1,0,0,0,경남,밀양시,차대차,측면충돌,측면충돌,운전자법규위반,안전운전 의무 불이행,교차로,교차로내,화물차,화물차,자전거,자전거,1112248,1723910,128.7377099,35.50475518
2017,2017-03-15,50,주간,수,1,1,0,0,0,경남,김해시,차대차,정면충돌,정면충돌,운전자법규위반,안전운전 의무 불이행,단일로,기타단일로,화물차,화물차,화물차,화물차,1116005,1697146,128.7753242,35.26305575
2017,2017-03-15,50,주간,수,1,1,0,0,0,서울,도봉구,차대차,추돌,추돌,운전자법규위반,안전운전 의무 불이행,교차로,교차로부근,이륜차,이륜차,승합차,승합차,957270,1962123,127.0155561,37.6576137
2017,2017-03-15,40,야간,수,1,1,0,0,0,충남,서산시,차대사람,횡단중,횡단중,운전자법규위반,안전운전 의무 불이행,단일로,기타단일로,화물차,화물차,보행자,보행자,909423,1865857,126.4848532,36.78652645
2017,2017-03-15,45,야간,수,1,1,0,0,0,전북,순창군,차대차,추돌,추돌,운전자법규위반,안전운전 의무 불이행,단일로,기타단일로,화물차,화물차,자전거,자전거,963848,1717468,127.1015463,35.45240011
2017,2017-03-15,55,야간,수,1,1,0,0,0,경기,의정부시,차대차,정면충돌,정면충돌,운전자법규위반,안전거리 미확보,단일로,기타단일로,이륜차,이륜차,승합차,승합차,959268,1973603,127.0375648,37.76117438
2017,2017-03-16,50,야간,목,1,1,0,0,0,강원,강릉시,차대차,추돌,추돌,운전자법규위반,과속,교차로,교차로부근,승용차,승용차,승합차,승합차,1124008,1975477,128.9080234,37.77055961
2017,2017-03-16,45,주간,목,1,4,0,2,1,경북,군위군,차량단독,공작물충돌,공작물충돌,운전자법규위반,안전운전 의무 불이행,단일로,기타단일로,승용차,승용차,없음,없음,1095395,1801465,128.5611871,36.20564755
2017,2017-03-16,0,주간,목,1,1,0,0,0,인천,남동구,차대사람,횡단중,횡단중,운전자법규위반,기타(운전자법규위반),단일로,기타단일로,화물차,화물차,보행자,보행자,931748,1933958,126.7288424,37.40222507
2017,2017-03-16,2,주간,목,1,1,0,0,0,광주,광산구,차대사람,횡단중,횡단중,운전자법규위반,안전운전 의무 불이행,교차로,교차로부근,화물차,화물차,보행자,보행자,936416,1683091,126.8019939,35.14124318
2017,2017-03-16,0,주간,목,1,1,0,0,0,부산,사하구,차대사람,횡단중,횡단중,운전자법규위반,안전운전 의무 불이행,교차로,교차로횡단보도내,화물차,화물차,보행자,보행자,1133085,1678853,128.9600933,35.09603564
2017,2017-03-16,50,주간,목,1,1,0,0,0,전북,완주군,차대차,추돌,추돌,운전자법규위반,안전운전 의무 불이행,단일로,기타단일로,화물차,화물차,화물차,화물차,974777,1750411,127.2210205,35.7497274
2017,2017-03-16,5,야간,목,1,2,0,1,0,부산,사상구,차대차,측면충돌,측면충돌,운전자법규위반,안전거리 미확보,단일로,기타단일로,화물차,화물차,승용차,승용차,1134164,1685135,128.9729358,35.15250318
2017,2017-03-16,53,야간,목,1,1,0,0,0,제주,서귀포시,차대사람,횡단중,횡단중,운전자법규위반,안전운전 의무 불이행,단일로,기타단일로,승용차,승용차,보행자,보행자,920059,1475318,126.6416712,33.26625431
2017,2017-03-16,45,야간,목,1,1,0,0,0,전남,나주시,차량단독,전복,전복,운전자법규위반,안전운전 의무 불이행,단일로,기타단일로,화물차,화물차,없음,없음,931443,1665904,126.7488418,34.98573687
2017,2017-03-16,0,야간,목,1,1,0,0,0,대전,서구,차대사람,기타,기타,운전자법규위반,안전운전 의무 불이행,단일로,기타단일로,승용차,승용차,보행자,보행자,990107,1817293,127.38974,36.35299917
2017,2017-03-17,16,야간,금,1,1,0,0,0,대구,북구,차대사람,횡단중,횡단중,운전자법규위반,안전운전 의무 불이행,교차로,교차로내,승용차,승용차,보행자,보행자,1101241,1766788,128.6217636,35.8924703
2017,2017-03-17,10,야간,금,1,3,1,1,0,서울,중구,차대차,추돌,추돌,운전자법규위반,신호위반,교차로,교차로내,화물차,화물차,원동기장치자전거,원동기장치자전거,954306,1951985,126.9825869,37.56609583
2017,2017-03-17,40,야간,금,1,1,0,0,0,경기,화성시,차대차,기타,기타,운전자법규위반,안전운전 의무 불이행,교차로,교차로부근,승용차,승용차,화물차,화물차,948162,1901850,126.9165253,37.11388162
2017,2017-03-17,50,야간,금,1,1,0,0,0,경기,의정부시,차대차,추돌,추돌,운전자법규위반,안전운전 의무 불이행,단일로,기타단일로,승용차,승용차,화물차,화물차,961230,1969669,127.060049,37.72580243
2017,2017-03-17,0,주간,금,1,1,0,0,0,전남,무안군,차대차,측면충돌,측면충돌,운전자법규위반,안전운전 의무 불이행,교차로,교차로부근,화물차,화물차,자전거,자전거,904940,1667710,126.4582868,34.99987613
2017,2017-03-17,0,주간,금,1,1,0,0,0,경남,통영시,차대차,정면충돌,정면충돌,운전자법규위반,안전운전 의무 불이행,교차로,교차로내,승용차,승용차,이륜차,이륜차,1084395,1648312,128.4228957,34.82592273
2017,2017-03-17,25,주간,금,1,1,0,0,0,서울,종로구,차대차,기타,기타,운전자법규위반,앞지르기 방법위반,단일로,기타단일로,승용차,승용차,이륜차,이륜차,953895,1956957,126.9776201,37.61088875
2017,2017-03-17,10,주간,금,1,1,0,0,0,강원,춘천시,차대차,추돌,추돌,운전자법규위반,안전운전 의무 불이행,단일로,기타단일로,이륜차,이륜차,승용차,승용차,1023636,1985788,127.7687428,37.87160056
2017,2017-03-17,45,야간,금,1,1,0,0,0,경기,평택시,차대차,정면충돌,정면충돌,운전자법규위반,차로위반(진로변경 위반),단일로,기타단일로,화물차,화물차,이륜차,이륜차,948359,1896167,126.9191337,37.06266691
2017,2017-03-17,7,야간,금,1,1,0,0,0,충남,공주시,차대차,측면충돌,측면충돌,운전자법규위반,직진 및 우회전차의 통행방해,교차로,교차로내,이륜차,이륜차,승합차,승합차,968504,1833424,127.1483164,36.49795755
2017,2017-03-17,20,야간,금,1,2,0,1,0,서울,성동구,차대차,정면충돌,정면충돌,운전자법규위반,안전운전 의무 불이행,교차로,교차로내,승용차,승용차,이륜차,이륜차,958132,1952121,127.0259012,37.56750355
2017,2017-03-18,20,야간,토,1,1,0,0,0,경기,동두천시,차대사람,횡단중,횡단중,운전자법규위반,보행자 보호의무 위반,교차로,교차로횡단보도내,승용차,승용차,보행자,보행자,960982,1987505,127.056274,37.88654647
2017,2017-03-18,29,야간,토,1,2,1,0,0,경기,포천시,차대차,측면충돌,측면충돌,운전자법규위반,중앙선 침범,단일로,기타단일로,승합차,승합차,승용차,승용차,987449,2001872,127.3570132,38.01678519
2017,2017-03-18,19,야간,토,1,4,2,1,0,경기,용인시,차대차,추돌,추돌,운전자법규위반,안전운전 의무 불이행,단일로,기타단일로,승용차,승용차,승용차,승용차,965825,1921492,127.1144306,37.29174464
2017,2017-03-18,10,야간,토,1,2,0,1,0,경북,포항시,차대사람,차도통행중,차도통행중,운전자법규위반,안전운전 의무 불이행,단일로,기타단일로,승용차,승용차,보행자,보행자,1186597,1780613,129.570341,36.00448332
2017,2017-03-18,20,야간,토,1,1,0,0,0,충남,서산시,차대사람,횡단중,횡단중,운전자법규위반,안전운전 의무 불이행,단일로,기타단일로,승용차,승용차,보행자,보행자,917184,1855587,126.5729383,36.69466686
2017,2017-03-18,45,야간,토,1,1,0,0,0,부산,기장군,차대차,정면충돌,정면충돌,운전자법규위반,신호위반,교차로,교차로내,승용차,승용차,이륜차,이륜차,1156576,1695801,129.2209373,35.24541313
2017,2017-03-18,30,주간,토,1,1,0,0,0,경기,시흥시,차대차,정면충돌,정면충돌,운전자법규위반,신호위반,교차로,교차로내,이륜차,이륜차,화물차,화물차,932218,1927630,126.734732,37.34522498
2017,2017-03-18,55,주간,토,1,1,0,0,0,충북,청주시,차대사람,횡단중,횡단중,운전자법규위반,신호위반,교차로,교차로횡단보도내,승용차,승용차,보행자,보행자,1000314,1845418,127.503511,36.60660304
2017,2017-03-18,5,주간,토,2,6,4,0,0,충남,당진시,차대차,정면충돌,정면충돌,운전자법규위반,과속,교차로,교차로부근,승용차,승용차,화물차,화물차,936489,1884293,126.7866275,36.95490917
2017,2017-03-18,40,주간,토,1,1,0,0,0,서울,관악구,차대사람,차도통행중,차도통행중,운전자법규위반,안전운전 의무 불이행,단일로,기타단일로,승용차,승용차,보행자,보행자,949342,1943322,126.9269774,37.48775499
2017,2017-03-18,55,주간,토,1,11,4,6,0,충북,충주시,차대차,추돌,추돌,운전자법규위반,안전운전 의무 불이행,단일로,터널안,화물차,화물차,화물차,화물차,1033785,1880333,127.8793148,36.92074884
2017,2017-03-18,58,야간,토,2,2,0,0,0,경북,안동시,차대차,추돌,추돌,운전자법규위반,안전운전 의무 불이행,단일로,기타단일로,화물차,화물차,건설기계,건설기계,1116101,1837896,128.7969143,36.5317395
2017,2017-03-18,57,야간,토,1,1,0,0,0,서울,서대문구,차대사람,횡단중,횡단중,운전자법규위반,안전운전 의무 불이행,단일로,기타단일로,승용차,승용차,보행자,보행자,947770,1952721,126.9135816,37.5701096
2017,2017-03-19,49,야간,일,1,1,0,0,0,경남,창원시(통합),차대차,측면충돌,측면충돌,운전자법규위반,안전운전 의무 불이행,단일로,기타단일로,승용차,승용차,승용차,승용차,1094858,1694138,128.5425313,35.23816392
2017,2017-03-19,13,야간,일,1,1,0,0,0,충북,영동군,차량단독,도로이탈,도로이탈 기타,운전자법규위반,안전운전 의무 불이행,단일로,기타단일로,승용차,승용차,없음,없음,1023154,1804358,127.7576725,36.23615709
2017,2017-03-19,48,야간,일,1,1,0,0,0,경기,평택시,차대사람,횡단중,횡단중,운전자법규위반,안전운전 의무 불이행,단일로,기타단일로,승용차,승용차,보행자,보행자,963726,1890461,127.0922545,37.01195267
2017,2017-03-19,4,야간,일,1,1,0,0,0,경남,거제시,차량단독,전도전복,전도전복,운전자법규위반,안전운전 의무 불이행,단일로,기타단일로,이륜차,이륜차,없음,없음,1101604,1656076,128.6119966,34.89434963
2017,2017-03-19,25,주간,일,1,1,0,0,0,서울,마포구,차대차,측면충돌,측면충돌,운전자법규위반,신호위반,교차로,교차로내,승용차,승용차,원동기장치자전거,원동기장치자전거,948036,1950701,126.9116832,37.55419051
2017,2017-03-19,35,주간,일,1,2,0,1,0,전북,군산시,차량단독,전도,전도,운전자법규위반,안전운전 의무 불이행,단일로,기타단일로,승용차,승용차,없음,없음,941891,1776266,126.855414,35.98143181
2017,2017-03-19,45,야간,일,1,1,0,0,0,인천,연수구,차대사람,횡단중,횡단중,운전자법규위반,안전운전 의무 불이행,교차로,교차로내,승용차,승용차,보행자,보행자,925316,1935312,126.6560393,37.41393215
2017,2017-03-19,48,야간,일,1,1,0,0,0,경남,김해시,차대차,측면충돌,측면충돌,운전자법규위반,안전운전 의무 불이행,교차로,교차로부근,승용차,승용차,자전거,자전거,1125994,1693745,128.8845914,35.2311905
2017,2017-03-19,52,야간,일,1,1,0,0,0,대전,대덕구,차대사람,횡단중,횡단중,운전자법규위반,안전운전 의무 불이행,교차로,교차로부근,승용차,승용차,보행자,보행자,993360,1817940,127.4259899,36.35886009
2017,2017-03-19,45,야간,일,1,1,0,0,0,충북,청주시,차대사람,횡단중,횡단중,운전자법규위반,안전운전 의무 불이행,단일로,기타단일로,승합차,승합차,보행자,보행자,991103,1843960,127.4005339,36.59341766
2017,2017-03-20,50,주간,월,1,3,0,2,0,대구,달서구,차대차,추돌,추돌,운전자법규위반,안전운전 의무 불이행,교차로,교차로부근,승용차,승용차,화물차,화물차,1090957,1760354,128.5070981,35.83547958
2017,2017-03-20,0,주간,월,1,2,1,0,0,경남,하동군,차대차,측면충돌,측면충돌,운전자법규위반,중앙선 침범,기타,기타,화물차,화물차,화물차,화물차,1028813,1679377,127.816173,35.10913921
2017,2017-03-20,25,주간,월,1,1,0,0,0,서울,서초구,차대차,추돌,추돌,운전자법규위반,차로위반(진로변경 위반),교차로,교차로부근,승용차,승용차,이륜차,이륜차,959380,1941031,127.0406458,37.46760141
2017,2017-03-20,40,야간,월,1,1,0,0,0,부산,사하구,차대사람,횡단중,횡단중,운전자법규위반,안전운전 의무 불이행,단일로,기타단일로,승용차,승용차,보행자,보행자,1133399,1678492,128.9634736,35.09274
2017,2017-03-20,20,야간,월,1,1,0,0,0,전북,정읍시,차대사람,횡단중,횡단중,운전자법규위반,안전운전 의무 불이행,단일로,기타단일로,화물차,화물차,보행자,보행자,958826,1736418,127.0453146,35.62302619
2017,2017-03-20,50,야간,월,1,1,0,0,0,경기,이천시,차량단독,공작물충돌,공작물충돌,운전자법규위반,안전운전 의무 불이행,단일로,기타단일로,승용차,승용차,없음,없음,997367,1910278,127.4703333,37.19128525
2017,2017-03-20,7,야간,월,1,1,0,0,0,서울,강남구,차대차,추돌,추돌,운전자법규위반,안전운전 의무 불이행,단일로,기타단일로,화물차,화물차,자전거,자전거,964078,1943702,127.0936418,37.49187097
2017,2017-03-21,45,야간,화,1,1,0,0,0,광주,북구,차대사람,횡단중,횡단중,운전자법규위반,과속,단일로,기타단일로,승용차,승용차,보행자,보행자,953936,1952044,126.8971968,35.17702971
2017,2017-03-21,55,야간,화,1,2,0,1,0,서울,강동구,차대차,추돌,추돌,운전자법규위반,안전운전 의무 불이행,단일로,교량위,승용차,승용차,화물차,화물차,965757,1949353,127.1123713,37.54286969
2017,2017-03-21,15,야간,화,1,1,0,0,0,광주,광산구,차대사람,기타,기타,운전자법규위반,안전운전 의무 불이행,단일로,기타단일로,화물차,화물차,보행자,보행자,937091,1686403,126.808135,35.17219493
2017,2017-03-21,50,야간,화,1,1,0,0,0,광주,광산구,차대차,측면충돌,측면충돌,운전자법규위반,안전거리 미확보,단일로,기타단일로,화물차,화물차,이륜차,이륜차,936676,1689353,126.8044812,35.19748907
2017,2017-03-21,0,야간,화,1,1,0,0,0,충남,서천군,차량단독,전도전복,전도전복,운전자법규위반,안전운전 의무 불이행,단일로,기타단일로,원동기장치자전거,원동기장치자전거,없음,없음,930529,1787760,126.7283781,36.08430784
2017,2017-03-21,3,야간,화,1,2,0,1,0,경북,군위군,차대차,정면충돌,정면충돌,운전자법규위반,중앙선 침범,단일로,기타단일로,화물차,화물차,화물차,화물차,1085078,1807427,128.4470823,36.26035369
2017,2017-03-21,58,야간,화,1,1,0,0,0,강원,동해시,차대사람,횡단중,횡단중,운전자법규위반,안전운전 의무 불이행,교차로,교차로부근,승용차,승용차,보행자,보행자,1138747,1944417,129.0694223,37.48858882
2017,2017-03-21,40,야간,화,1,1,0,0,0,경기,화성시,차대사람,차도통행중,차도통행중,운전자법규위반,안전운전 의무 불이행,단일로,기타단일로,승용차,승용차,보행자,보행자,944516,1915824,126.8744514,37.23962893
2017,2017-03-21,50,야간,화,1,2,1,0,0,대전,서구,차대차,측면충돌,측면충돌,운전자법규위반,안전운전 의무 불이행,단일로,기타단일로,화물차,화물차,이륜차,이륜차,984963,1811311,127.3325244,36.29900231
2017,2017-03-22,5,야간,수,1,2,1,0,0,경기,양주시,차량단독,공작물충돌,공작물충돌,운전자법규위반,안전운전 의무 불이행,교차로,교차로내,승용차,승용차,없음,없음,955457,1989689,126.993309,37.90597662
2017,2017-03-22,20,주간,수,1,1,0,0,0,부산,북구,차대차,기타,기타,운전자법규위반,신호위반,교차로,교차로횡단보도내,승용차,승용차,자전거,자전거,1135717,1690071,128.9908041,35.19680543
2017,2017-03-22,23,주간,수,1,1,0,0,0,경기,의왕시,차대사람,횡단중,횡단중,운전자법규위반,안전운전 의무 불이행,교차로,교차로부근,승용차,승용차,보행자,보행자,953463,1931288,126.9743497,37.37950478
2017,2017-03-22,46,주간,수,1,3,1,1,0,경기,이천시,차대차,기타,기타,운전자법규위반,신호위반,교차로,교차로부근,승용차,승용차,승용차,승용차,993880,1916100,127.4309966,37.24374894
2017,2017-03-22,0,주간,수,1,1,0,0,0,전북,진안군,차대사람,횡단중,횡단중,운전자법규위반,안전운전 의무 불이행,교차로,교차로내,승용차,승용차,보행자,보행자,991505,1760753,127.4059306,35.84326011
2017,2017-03-22,35,주간,수,1,1,0,0,0,서울,금천구,차량단독,공작물충돌,공작물충돌,운전자법규위반,안전운전 의무 불이행,단일로,기타단일로,이륜차,이륜차,없음,없음,946639,1939271,126.8966972,37.45109022
2017,2017-03-22,0,주간,수,1,1,0,0,0,인천,서구,차대차,측면충돌,측면충돌,운전자법규위반,신호위반,교차로,교차로부근,이륜차,이륜차,화물차,화물차,926179,1956439,126.6636688,37.60441251
2017,2017-03-22,15,야간,수,1,1,0,0,0,울산,중구,차대사람,기타,기타,운전자법규위반,안전운전 의무 불이행,단일로,기타단일로,승용차,승용차,보행자,보행자,1164330,1730696,129.3131553,35.55865497
2017,2017-03-22,57,야간,수,1,1,0,0,0,강원,양구군,차대차,추돌,추돌,운전자법규위반,안전거리 미확보,단일로,기타단일로,화물차,화물차,농기계,농기계,1047329,2013236,128.0399359,38.11805284
2017,2017-03-22,20,야간,수,1,1,0,0,0,경북,예천군,차대사람,횡단중,횡단중,운전자법규위반,안전운전 의무 불이행,단일로,기타단일로,승용차,승용차,보행자,보행자,1085568,1850705,128.4573191,36.65041831
2017,2017-03-23,41,야간,목,1,1,0,0,0,경남,창원시(통합),차대사람,횡단중,횡단중,운전자법규위반,안전운전 의무 불이행,단일로,기타단일로,승용차,승용차,보행자,보행자,1098965,1692564,128.5874725,35.22357639