발생년,발생년월일시분,발생분,주야,요일,사망자수,사상자수,중상자수,경상자수,부상신고자수,발생지시도,발생지시군구,사고유형_대분류,사고유형_중분류,사고유형,법규위반_대분류,법규위반,도로형태_대분류,도로형태,당사자종별_1당_대분류,당사자종별_1당,당사자종별_2당_대분류,당사자종별_2당,발생위치X_UTMK,발생위치Y_UTMK,경도,위도
2017,2017-03-23,35,주간,목,1,2,0,1,0,서울,광진구,차대차,측면충돌,측면충돌,운전자법규위반,차로위반(진로변경 위반),단일로,기타단일로,자전거,자전거,승합차,승합차,963633,1950821,127.0882555,37.55601992
2017,2017-03-23,0,주간,목,1,1,0,0,0,경북,고령군,차대차,측면충돌,측면충돌,운전자법규위반,직진 및 우회전차의 통행방해,교차로,교차로내,원동기장치자전거,원동기장치자전거,화물차,화물차,1086425,1759329,128.4568142,35.82664927
2017,2017-03-23,46,주간,목,1,1,0,0,0,광주,광산구,차대사람,횡단중,횡단중,운전자법규위반,안전운전 의무 불이행,교차로,교차로부근,화물차,화물차,보행자,보행자,935534,1681717,126.7924335,35.12858646
2017,2017-03-23,50,주간,목,1,1,0,0,0,경기,부천시,차대사람,횡단중,횡단중,운전자법규위반,중앙선 침범,교차로,교차로부근,화물차,화물차,보행자,보행자,938794,1941456,126.8078252,37.47029774
2017,2017-03-23,11,주간,목,1,1,0,0,0,충남,서산시,차대차,측면충돌,측면충돌,운전자법규위반,안전운전 의무 불이행,단일로,기타단일로,이륜차,이륜차,승용차,승용차,905816,1870482,126.4438613,36.8278606
2017,2017-03-23,10,주간,목,1,2,1,0,0,강원,정선군,차대차,정면충돌,정면충돌,운전자법규위반,중앙선 침범,단일로,기타단일로,승용차,승용차,승용차,승용차,1101205,1932450,128.6432198,37.38562073
2017,2017-03-23,50,주간,목,1,1,0,0,0,강원,인제군,차량단독,공작물충돌,공작물충돌,운전자법규위반,안전운전 의무 불이행,단일로,교량위,이륜차,이륜차,없음,없음,1061295,2012502,128.1991892,38.11059779
2017,2017-03-23,20,야간,목,1,1,0,0,0,전남,순천시,차대사람,횡단중,횡단중,운전자법규위반,안전운전 의무 불이행,교차로,교차로내,승용차,승용차,보행자,보행자,975981,1676439,127.2365176,35.08277245
2017,2017-03-23,45,야간,목,1,1,0,0,0,경북,경산시,차량단독,공작물충돌,공작물충돌,운전자법규위반,안전운전 의무 불이행,교차로,교차로부근,이륜차,이륜차,없음,없음,1117717,1765177,128.8040423,35.87610549
2017,2017-03-24,18,야간,금,1,1,0,0,0,경기,수원시,차대사람,차도통행중,차도통행중,운전자법규위반,안전운전 의무 불이행,단일로,기타단일로,승용차,승용차,보행자,보행자,959228,1917238,127.0402372,37.25313441
2017,2017-03-24,40,야간,금,1,11,3,6,1,경기,고양시,차대차,기타,기타,운전자법규위반,안전운전 의무 불이행,단일로,기타단일로,화물차,화물차,승용차,승용차,943268,1963282,126.8554304,37.6674434
2017,2017-03-24,51,야간,금,1,1,0,0,0,광주,광산구,차대사람,횡단중,횡단중,운전자법규위반,안전운전 의무 불이행,교차로,교차로부근,승용차,승용차,보행자,보행자,936640,1682976,126.8029575,35.13998634
2017,2017-03-24,44,야간,금,1,1,0,0,0,경북,포항시,차대사람,횡단중,횡단중,운전자법규위반,안전운전 의무 불이행,단일로,기타단일로,승용차,승용차,보행자,보행자,1165571,1782504,129.3375625,36.02532305
2017,2017-03-25,13,야간,토,1,1,0,0,0,제주,서귀포시,차대사람,기타,기타,운전자법규위반,안전운전 의무 불이행,단일로,기타단일로,승용차,승용차,보행자,보행자,893245,1482200,126.3530004,33.32599659
2017,2017-03-25,20,야간,토,1,1,0,0,0,대전,대덕구,차대차,추돌,추돌,운전자법규위반,안전운전 의무 불이행,단일로,기타단일로,승용차,승용차,특수차,특수차,991372,1827400,127.4037264,36.44412929
2017,2017-03-25,44,주간,토,1,3,0,2,0,경기,안산시,차대차,정면충돌,정면충돌,운전자법규위반,중앙선 침범,교차로,교차로내,승용차,승용차,화물차,화물차,953936,1952044,126.9783937,37.56660917
2017,2017-03-25,0,주간,토,4,5,1,0,0,경북,상주시,차대차,정면충돌,정면충돌,운전자법규위반,중앙선 침범,단일로,기타단일로,화물차,화물차,화물차,화물차,1055350,1824390,128.1173799,36.41543609
2017,2017-03-25,55,주간,토,1,4,3,0,0,경북,봉화군,차량단독,공작물충돌,공작물충돌,운전자법규위반,안전운전 의무 불이행,기타,기타,승합차,승합차,없음,없음,1127719,1880752,128.9338221,36.91647755
2017,2017-03-25,20,주간,토,1,1,0,0,0,인천,강화군,차량단독,전도,전도,운전자법규위반,안전운전 의무 불이행,단일로,기타단일로,승용차,승용차,없음,없음,911731,1961046,126.4994494,37.6446579
2017,2017-03-25,25,야간,토,1,1,0,0,0,경남,김해시,차대사람,횡단중,횡단중,운전자법규위반,보행자 보호의무 위반,단일로,기타단일로,화물차,화물차,보행자,보행자,1125392,1694897,128.8781532,35.24165066
2017,2017-03-26,10,야간,일,1,1,0,0,0,전남,여수시,차대사람,횡단중,횡단중,운전자법규위반,안전운전 의무 불이행,단일로,기타단일로,승용차,승용차,보행자,보행자,1018562,1639716,127.7028533,34.75194784
2017,2017-03-26,28,야간,일,1,3,1,1,0,경기,부천시,차대차,정면충돌,정면충돌,운전자법규위반,안전운전 의무 불이행,교차로,교차로부근,승용차,승용차,승용차,승용차,935660,1947024,126.7718985,37.5202689
2017,2017-03-26,55,주간,일,1,1,0,0,0,충북,청주시,차대차,측면충돌,측면충돌,운전자법규위반,신호위반,교차로,교차로내,이륜차,이륜차,승용차,승용차,999143,1851380,127.4904107,36.66035006
2017,2017-03-26,40,야간,일,1,1,0,0,0,충남,서천군,차량단독,전도전복,전도전복,운전자법규위반,안전운전 의무 불이행,단일로,기타단일로,이륜차,이륜차,없음,없음,920294,1792535,126.6142251,36.12656725
2017,2017-03-26,0,야간,일,1,1,0,0,0,충남,천안시,차대사람,횡단중,횡단중,운전자법규위반,과속,교차로,교차로부근,승용차,승용차,보행자,보행자,967650,1877330,127.1369244,36.89372898
2017,2017-03-26,0,야간,일,1,1,0,0,0,전북,전주시,차대사람,기타,기타,운전자법규위반,중앙선 침범,단일로,기타단일로,승합차,승합차,보행자,보행자,965054,1761547,127.1129415,35.85043557
2017,2017-03-27,10,주간,월,1,1,0,0,0,전남,고흥군,차대사람,횡단중,횡단중,운전자법규위반,안전운전 의무 불이행,단일로,기타단일로,화물차,화물차,보행자,보행자,986119,1629455,127.3484377,34.65867311
2017,2017-03-27,20,주간,월,1,5,4,0,0,경북,구미시,차량단독,공작물충돌,공작물충돌,운전자법규위반,안전운전 의무 불이행,단일로,기타단일로,화물차,화물차,없음,없음,1087429,1789207,128.4712207,36.09590172
2017,2017-03-27,0,주간,월,1,2,0,1,0,충남,태안군,차대차,정면충돌,정면충돌,운전자법규위반,중앙선 침범,단일로,기타단일로,화물차,화물차,승용차,승용차,892344,1853916,126.2951578,36.67711678
2017,2017-03-27,20,주간,월,1,1,0,0,0,충북,보은군,차대사람,기타,기타,운전자법규위반,안전운전 의무 불이행,단일로,기타단일로,건설기계,건설기계,보행자,보행자,1022416,1832973,127.7502845,36.49414751
2017,2017-03-27,40,주간,월,1,1,0,0,0,경남,김해시,차대차,측면충돌,측면충돌,운전자법규위반,신호위반,교차로,교차로내,이륜차,이륜차,승용차,승용차,1118561,1704287,128.8044503,35.32713003
2017,2017-03-27,20,주간,월,1,1,0,0,0,전남,나주시,차량단독,전도전복,전도전복,운전자법규위반,안전운전 의무 불이행,단일로,기타단일로,농기계,농기계,없음,없음,932215,1661543,126.7576545,34.94646693
2017,2017-03-27,30,주간,월,1,1,0,0,0,인천,계양구,차대차,측면충돌,측면충돌,운전자법규위반,신호위반,교차로,교차로내,화물차,화물차,이륜차,이륜차,931821,1948159,126.7283527,37.53022264
2017,2017-03-27,25,야간,월,1,1,0,0,0,전북,정읍시,차대차,추돌,추돌,운전자법규위반,중앙선 침범,교차로,교차로부근,자전거,자전거,화물차,화물차,939853,1728582,126.8364244,35.55140267
2017,2017-03-27,10,야간,월,1,1,0,0,0,전북,전주시,차량단독,전도전복,전도전복,운전자법규위반,안전운전 의무 불이행,교차로,교차로부근,화물차,화물차,없음,없음,965578,1750997,127.1192513,35.75473187
2017,2017-03-27,9,야간,월,1,1,0,0,0,충남,보령시,차대사람,기타,기타,운전자법규위반,안전운전 의무 불이행,단일로,기타단일로,승용차,승용차,보행자,보행자,920691,1818311,126.6160238,36.35895767
2017,2017-03-28,0,야간,화,1,1,0,0,0,충남,서산시,차대차,정면충돌,정면충돌,운전자법규위반,안전운전 의무 불이행,단일로,기타단일로,화물차,화물차,승용차,승용차,908172,1864109,126.4710452,36.77065071
2017,2017-03-28,25,야간,화,1,1,0,0,0,전북,남원시,차대차,측면충돌,측면충돌,운전자법규위반,과속,교차로,교차로내,승용차,승용차,자전거,자전거,989556,1712128,127.384978,35.40481441
2017,2017-03-28,0,주간,화,1,2,1,0,0,경북,영주시,차대차,추돌,추돌,운전자법규위반,안전운전 의무 불이행,단일로,기타단일로,화물차,화물차,화물차,화물차,1102813,1864926,128.6521331,36.77688614
2017,2017-03-28,10,주간,화,1,1,0,0,0,경북,안동시,차대사람,기타,기타,운전자법규위반,안전운전 의무 불이행,교차로,교차로부근,승용차,승용차,보행자,보행자,1095375,1835381,128.5651224,36.51136316
2017,2017-03-28,25,야간,화,1,1,0,0,0,경북,경산시,차대차,기타,기타,운전자법규위반,안전거리 미확보,단일로,기타단일로,자전거,자전거,화물차,화물차,1111900,1758197,128.7386379,35.81386954
2017,2017-03-28,5,야간,화,1,1,0,0,0,전북,정읍시,차대사람,횡단중,횡단중,운전자법규위반,안전운전 의무 불이행,단일로,기타단일로,승용차,승용차,보행자,보행자,949610,1739648,126.9433441,35.65172101
2017,2017-03-28,20,야간,화,1,1,0,0,0,경기,이천시,차대사람,횡단중,횡단중,운전자법규위반,안전운전 의무 불이행,교차로,교차로부근,승용차,승용차,보행자,보행자,992218,1921900,127.4121967,37.29601778
2017,2017-03-29,0,야간,수,1,1,0,0,0,충북,영동군,차량단독,기타,기타,운전자법규위반,안전운전 의무 불이행,기타,기타,화물차,화물차,없음,없음,1024478,1796821,127.7721714,36.16817435
2017,2017-03-29,28,주간,수,1,1,0,0,0,서울,마포구,차대사람,횡단중,횡단중,운전자법규위반,안전운전 의무 불이행,단일로,기타단일로,승합차,승합차,보행자,보행자,948705,1950663,126.9192597,37.55388551
2017,2017-03-29,50,주간,수,1,2,1,0,0,경기,이천시,차대차,정면충돌,정면충돌,운전자법규위반,안전운전 의무 불이행,교차로,교차로내,승합차,승합차,화물차,화물차,1001405,1917271,127.5158437,37.25432344
2017,2017-03-29,30,주간,수,1,1,0,0,0,충북,음성군,차대차,추돌,추돌,운전자법규위반,안전거리 미확보,단일로,교량위,원동기장치자전거,원동기장치자전거,화물차,화물차,1012586,1902170,127.6416732,37.11811723
2017,2017-03-29,43,주간,수,1,1,0,0,0,경북,상주시,차대차,측면충돌,측면충돌,운전자법규위반,교차로 통행방법 위반,교차로,교차로내,승용차,승용차,자전거,자전거,1058588,1824821,128.1535274,36.41912925
2017,2017-03-29,40,주간,수,1,1,0,0,0,전남,목포시,차대사람,길가장자리구역통행중,길가장자리구역통행중,운전자법규위반,안전운전 의무 불이행,단일로,기타단일로,승용차,승용차,보행자,보행자,897792,1644600,126.3827933,34.79082189
2017,2017-03-29,0,주간,수,1,3,1,1,0,충남,아산시,차대차,기타,기타,운전자법규위반,안전운전 의무 불이행,교차로,교차로내,화물차,화물차,승합차,승합차,953912,1865446,126.9834638,36.78603182
2017,2017-03-30,24,야간,목,1,1,0,0,0,대전,유성구,차대차,정면충돌,정면충돌,운전자법규위반,신호위반,교차로,교차로내,이륜차,이륜차,승용차,승용차,986057,1818303,127.3445837,36.36205452
2017,2017-03-30,50,야간,목,1,1,0,0,0,충북,청주시,차량단독,기타,기타,운전자법규위반,안전운전 의무 불이행,교차로,교차로부근,승용차,승용차,없음,없음,991135,1853515,127.4007813,36.67955599
2017,2017-03-30,50,야간,목,1,1,0,0,0,강원,태백시,차대사람,기타,기타,운전자법규위반,안전운전 의무 불이행,단일로,기타단일로,승용차,승용차,보행자,보행자,1132360,1907929,128.990689,37.16073805
2017,2017-03-30,10,야간,목,1,1,0,0,0,서울,송파구,차량단독,주/정차차량 충돌,주/정차차량 충돌,운전자법규위반,안전운전 의무 불이행,교차로,교차로부근,승용차,승용차,승용차,승용차,967010,1944151,127.1267885,37.49602745
2017,2017-03-30,20,야간,목,1,5,0,4,0,경기,안산시,차대차,정면충돌,정면충돌,운전자법규위반,보행자 보호의무 위반,교차로,교차로내,승용차,승용차,승용차,승용차,953949,1951930,126.9785481,37.56558232
2017,2017-03-30,20,야간,목,1,1,0,0,0,전남,장흥군,차대사람,길가장자리구역통행중,길가장자리구역통행중,운전자법규위반,안전운전 의무 불이행,단일로,기타단일로,승용차,승용차,보행자,보행자,940967,1649233,126.854365,34.83601521
2017,2017-03-30,10,주간,목,1,1,0,0,0,대구,북구,차대차,측면충돌,측면충돌,운전자법규위반,중앙선 침범,단일로,기타단일로,자전거,자전거,승용차,승용차,1097635,1765500,128.5816573,35.88122614
2017,2017-03-30,0,주간,목,1,1,0,0,0,충북,충주시,차대사람,횡단중,횡단중,운전자법규위반,안전운전 의무 불이행,단일로,기타단일로,승용차,승용차,보행자,보행자,1038005,1886140,127.9269849,36.97293391
2017,2017-03-30,6,주간,목,1,1,0,0,0,충남,태안군,차량단독,도로이탈,도로이탈 추락,운전자법규위반,안전운전 의무 불이행,단일로,기타단일로,원동기장치자전거,원동기장치자전거,없음,없음,889236,1869185,126.2581659,36.81437468
2017,2017-03-30,20,주간,목,1,1,0,0,0,전남,고흥군,차량단독,전도전복,전도전복,운전자법규위반,안전운전 의무 불이행,단일로,기타단일로,화물차,화물차,없음,없음,991772,1624628,127.4102493,34.61581141
2017,2017-03-30,25,야간,목,1,1,0,0,0,충북,음성군,차량단독,전도,전도,운전자법규위반,안전거리 미확보,단일로,기타단일로,승용차,승용차,없음,없음,1022047,1881581,127.7475664,36.93234658
2017,2017-03-30,22,야간,목,1,3,1,1,0,경남,고성군,차대차,측면충돌,측면충돌,운전자법규위반,신호위반,교차로,교차로내,승용차,승용차,승합차,승합차,1076215,1664087,128.3348908,34.9688058
2017,2017-03-31,10,주간,금,1,2,1,0,0,광주,광산구,차대차,추돌,추돌,운전자법규위반,안전운전 의무 불이행,단일로,지하차도(도로)내,화물차,화물차,농기계,농기계,935701,1687437,126.7938208,35.18017167
2017,2017-03-31,7,야간,금,1,1,0,0,0,경기,파주시,차대사람,횡단중,횡단중,운전자법규위반,안전운전 의무 불이행,단일로,기타단일로,승합차,승합차,보행자,보행자,934794,1980022,126.7591486,37.81760769
2017,2017-03-31,5,야간,금,1,3,2,0,0,광주,광산구,차대차,추돌,추돌,운전자법규위반,안전운전 의무 불이행,단일로,기타단일로,승용차,승용차,승합차,승합차,929996,1680588,126.7317498,35.11803681
2017,2017-04-01,50,야간,토,1,1,0,0,0,대구,수성구,차대사람,횡단중,횡단중,운전자법규위반,안전운전 의무 불이행,교차로,교차로부근,승용차,승용차,보행자,보행자,1101745,1763526,128.6269304,35.86301311
2017,2017-04-01,10,주간,토,1,2,0,1,0,충북,단양군,차량단독,공작물충돌,공작물충돌,운전자법규위반,안전운전 의무 불이행,단일로,기타단일로,승용차,승용차,없음,없음,1075119,1886799,128.3439941,36.97664222
2017,2017-04-01,28,주간,토,1,1,0,0,0,울산,남구,차대차,측면충돌,측면충돌,운전자법규위반,중앙선 침범,단일로,기타단일로,화물차,화물차,승용차,승용차,1168487,1726004,129.3580251,35.51567284
2017,2017-04-01,30,주간,토,2,3,1,0,0,전남,여수시,차대차,측면충돌,측면충돌,운전자법규위반,직진 및 우회전차의 통행방해,교차로,교차로내,승용차,승용차,승합차,승합차,1011679,1646019,127.6280623,34.80748073
2017,2017-04-01,50,주간,토,1,1,0,0,0,경남,사천시,차대차,측면충돌,측면충돌,운전자법규위반,안전운전 의무 불이행,단일로,기타단일로,화물차,화물차,원동기장치자전거,원동기장치자전거,1051566,1663780,128.0648708,34.96759368
2017,2017-04-01,59,주간,토,1,1,0,0,0,전남,나주시,차대차,후진중충돌,후진중충돌,운전자법규위반,안전운전 의무 불이행,교차로,교차로내,건설기계,건설기계,원동기장치자전거,원동기장치자전거,929023,1671455,126.7218548,35.03562104
2017,2017-04-01,5,주간,토,1,3,0,2,0,광주,남구,차대사람,횡단중,횡단중,운전자법규위반,안전운전 의무 불이행,단일로,기타단일로,승합차,승합차,보행자,보행자,945123,1681539,126.8976868,35.12755021
2017,2017-04-01,50,주간,토,1,2,1,0,0,경남,밀양시,차량단독,공작물충돌,공작물충돌,운전자법규위반,안전운전 의무 불이행,단일로,기타단일로,승용차,승용차,없음,없음,1107205,1727085,128.6825336,35.5339346
2017,2017-04-01,20,주간,토,1,1,0,0,0,경기,화성시,차대차,측면충돌,측면충돌,운전자법규위반,신호위반,교차로,교차로내,원동기장치자전거,원동기장치자전거,승용차,승용차,966367,1911637,127.1209906,37.20293286
2017,2017-04-01,0,야간,토,1,1,0,0,0,경기,성남시,차대차,측면충돌,측면충돌,운전자법규위반,신호위반,교차로,교차로내,승용차,승용차,이륜차,이륜차,967282,1930773,127.1304589,37.37545351
2017,2017-04-02,0,야간,일,1,1,0,0,0,충남,예산군,차대사람,차도통행중,차도통행중,운전자법규위반,안전운전 의무 불이행,단일로,기타단일로,승용차,승용차,보행자,보행자,937628,1854513,126.8018628,36.68654755
2017,2017-04-02,40,야간,일,1,1,0,0,0,서울,서초구,차대사람,횡단중,횡단중,운전자법규위반,신호위반,교차로,교차로부근,승용차,승용차,보행자,보행자,959318,1941142,127.0399386,37.46859918
2017,2017-04-02,47,주간,일,1,1,0,0,0,충북,음성군,차대사람,횡단중,횡단중,운전자법규위반,안전운전 의무 불이행,단일로,기타단일로,승용차,승용차,보행자,보행자,998739,1885864,127.485833,36.97121285
2017,2017-04-02,0,주간,일,1,1,0,0,0,전남,곡성군,차량단독,전도,전도,운전자법규위반,안전운전 의무 불이행,단일로,기타단일로,이륜차,이륜차,없음,없음,982402,1700275,127.3064449,35.29783678
2017,2017-04-02,30,주간,일,1,1,0,0,0,충북,증평군,차대차,측면충돌,측면충돌,운전자법규위반,과속,단일로,기타단일로,승용차,승용차,승용차,승용차,1006331,1864540,127.5709491,36.77896479
2017,2017-04-02,55,야간,일,1,1,0,0,0,강원,강릉시,차량단독,전도,전도,운전자법규위반,안전운전 의무 불이행,단일로,기타단일로,화물차,화물차,없음,없음,1137659,1958404,129.0604898,37.61461036
2017,2017-04-02,56,야간,일,1,1,0,0,0,경남,사천시,차량단독,공작물충돌,공작물충돌,운전자법규위반,안전운전 의무 불이행,단일로,기타단일로,원동기장치자전거,원동기장치자전거,없음,없음,1049732,1670013,128.045154,35.02388867
2017,2017-04-02,25,야간,일,1,1,0,0,0,경기,화성시,차대차,기타,기타,운전자법규위반,안전운전 의무 불이행,교차로,교차로내,승용차,승용차,화물차,화물차,932421,1912872,126.7383652,37.21222291
2017,2017-04-03,3,야간,월,1,1,0,0,0,경기,수원시,차대사람,기타,기타,운전자법규위반,안전운전 의무 불이행,단일로,기타단일로,승용차,승용차,보행자,보행자,955504,1924172,126.99783,37.31546456
2017,2017-04-03,35,야간,월,1,2,0,0,1,경기,평택시,차대차,추돌,추돌,운전자법규위반,안전운전 의무 불이행,단일로,기타단일로,승용차,승용차,화물차,화물차,953818,1888669,126.980995,36.99536461
2017,2017-04-03,20,야간,월,1,1,0,0,0,충북,보은군,차량단독,전도,전도,운전자법규위반,안전운전 의무 불이행,교차로,교차로부근,건설기계,건설기계,없음,없음,1017838,1833517,127.699182,36.49914802
2017,2017-04-03,40,야간,월,1,1,0,0,0,강원,횡성군,차대차,추돌,추돌,운전자법규위반,안전운전 의무 불이행,교차로,교차로내,승합차,승합차,사륜오토바이(ATV),사륜오토바이(ATV),1042251,1941476,127.9778234,37.47153924
2017,2017-04-03,55,야간,월,1,1,0,0,0,광주,서구,차대차,측면충돌,측면충돌,운전자법규위반,보행자 보호의무 위반,단일로,기타단일로,승용차,승용차,승용차,승용차,943457,1683951,126.8792371,35.14920625
2017,2017-04-04,11,주간,화,1,1,0,0,0,경기,시흥시,차대사람,기타,기타,운전자법규위반,과속,단일로,기타단일로,화물차,화물차,보행자,보행자,933940,1927361,126.7541961,37.34292461
2017,2017-04-04,5,주간,화,1,1,0,0,0,경기,시흥시,차량단독,공작물충돌,공작물충돌,운전자법규위반,안전운전 의무 불이행,단일로,기타단일로,승용차,승용차,없음,없음,943705,1933533,126.8639647,37.39919836
2017,2017-04-04,45,주간,화,1,1,0,0,0,강원,정선군,차량단독,전복,전복,운전자법규위반,안전운전 의무 불이행,단일로,기타단일로,화물차,화물차,없음,없음,1112047,1943537,128.7721825,37.48427863
2017,2017-04-04,30,주간,화,1,2,0,1,0,경기,고양시,차대사람,횡단중,횡단중,운전자법규위반,안전운전 의무 불이행,단일로,기타단일로,화물차,화물차,보행자,보행자,930227,1963007,126.7088978,37.66392334
2017,2017-04-04,22,주간,화,1,1,0,0,0,전북,무주군,차량단독,전도,전도,운전자법규위반,안전운전 의무 불이행,단일로,기타단일로,자전거,자전거,없음,없음,1029024,1765038,127.8215513,35.88150075
2017,2017-04-04,5,야간,화,1,1,0,0,0,경북,포항시,차대차,정면충돌,정면충돌,운전자법규위반,중앙선 침범,단일로,기타단일로,이륜차,이륜차,화물차,화물차,1187099,1785690,129.5771084,36.05013067
2017,2017-04-05,25,야간,수,1,1,0,0,0,충북,청주시,차대사람,횡단중,횡단중,운전자법규위반,과속,교차로,교차로횡단보도내,승용차,승용차,보행자,보행자,997200,1848260,127.4686811,36.63221963
2017,2017-04-05,15,야간,수,1,2,0,0,1,대구,북구,차량단독,공작물충돌,공작물충돌,운전자법규위반,안전운전 의무 불이행,교차로,교차로내,이륜차,이륜차,없음,없음,1099452,1766243,128.6018765,35.88774093
2017,2017-04-05,27,야간,수,1,2,0,1,0,서울,노원구,차대차,기타,기타,운전자법규위반,안전거리 미확보,단일로,터널안,승용차,승용차,화물차,화물차,963585,1964204,127.0870455,37.67664241
2017,2017-04-05,25,주간,수,1,2,0,1,0,경북,안동시,차대차,정면충돌,정면충돌,운전자법규위반,중앙선 침범,단일로,기타단일로,건설기계,건설기계,건설기계,건설기계,1105882,1840269,128.6831113,36.55431444
2017,2017-04-05,20,주간,수,1,2,1,0,0,울산,울주군,차대차,기타,기타,운전자법규위반,안전운전 의무 불이행,단일로,기타단일로,승용차,승용차,화물차,화물차,1151094,1741338,129.1691636,35.65667573
2017,2017-04-05,20,주간,수,1,3,0,0,2,충남,논산시,차대차,정면충돌,정면충돌,운전자법규위반,중앙선 침범,단일로,기타단일로,승용차,승용차,화물차,화물차,956103,1795059,127.0120123,36.15160377
2017,2017-04-05,59,주간,수,1,1,0,0,0,경남,진주시,차량단독,전도전복,전도전복,운전자법규위반,안전운전 의무 불이행,단일로,기타단일로,원동기장치자전거,원동기장치자전거,없음,없음,1062627,1676436,128.1869836,35.08108577
2017,2017-04-05,15,주간,수,1,1,0,0,0,전남,영광군,차대차,측면충돌,측면충돌,운전자법규위반,교차로 통행방법 위반,교차로,교차로내,승용차,승용차,자전거,자전거,912783,1693847,126.5414666,35.23623449
2017,2017-04-05,40,주간,수,1,1,0,0,0,울산,울주군,차대사람,횡단중,횡단중,운전자법규위반,보행자 보호의무 위반,교차로,교차로횡단보도내,화물차,화물차,보행자,보행자,1147241,1730865,129.1247042,35.56286609
2017,2017-04-05,0,주간,수,1,1,0,0,0,경기,고양시,차량단독,전도전복,전도전복,운전자법규위반,안전운전 의무 불이행,단일로,기타단일로,승용차,승용차,없음,없음,945339,1965467,126.8800462,37.68711971
2017,2017-04-05,20,야간,수,1,1,0,0,0,광주,서구,차대사람,횡단중,횡단중,운전자법규위반,안전운전 의무 불이행,교차로,교차로내,승용차,승용차,보행자,보행자,943297,1682660,126.8775693,35.13755669
2017,2017-04-05,25,야간,수,1,1,0,0,0,전북,전주시,차대사람,횡단중,횡단중,운전자법규위반,안전운전 의무 불이행,단일로,기타단일로,승용차,승용차,보행자,보행자,962826,1755768,127.08859,35.79764724
2017,2017-04-05,45,야간,수,1,2,0,1,0,경남,통영시,차대차,정면충돌,정면충돌,운전자법규위반,중앙선 침범,단일로,기타단일로,승용차,승용차,이륜차,이륜차,1083888,1650544,128.4175753,34.84608954
2017,2017-04-06,10,야간,목,2,2,0,0,0,서울,광진구,차대차,측면충돌,측면충돌,운전자법규위반,중앙선 침범,단일로,기타단일로,원동기장치자전거,원동기장치자전거,승용차,승용차,962907,1952370,127.0799576,37.56995262
2017,2017-04-06,50,야간,목,1,1,0,0,0,경기,평택시,차대차,기타,기타,운전자법규위반,안전운전 의무 불이행,단일로,기타단일로,화물차,화물차,승용차,승용차,945713,1895596,126.8894138,37.05737055
2017,2017-04-06,0,주간,목,1,1,0,0,0,경남,창원시(통합),차대사람,횡단중,횡단중,운전자법규위반,안전운전 의무 불이행,교차로,교차로내,승용차,승용차,보행자,보행자,1097164,1693435,128.5677883,35.23160507
2017,2017-04-06,0,주간,목,1,1,0,0,0,부산,북구,차대사람,횡단중,횡단중,운전자법규위반,안전운전 의무 불이행,단일로,기타단일로,승용차,승용차,보행자,보행자,1136901,1691930,129.0040986,35.21340641
2017,2017-04-06,10,주간,목,1,1,0,0,0,경기,연천군,차량단독,전도전복,전도전복,운전자법규위반,안전운전 의무 불이행,단일로,기타단일로,승용차,승용차,없음,없음,956721,2001652,127.0069666,38.01385571
2017,2017-04-06,20,야간,목,1,1,0,0,0,대구,동구,차대사람,횡단중,횡단중,운전자법규위반,보행자 보호의무 위반,단일로,기타단일로,승용차,승용차,보행자,보행자,1108601,1763490,128.7028482,35.86195238
2017,2017-04-07,25,야간,금,1,2,1,0,0,광주,광산구,차대사람,기타,기타,운전자법규위반,신호위반,단일로,기타단일로,승용차,승용차,보행자,보행자,939741,1691588,126.8378847,35.21784989
2017,2017-04-07,25,야간,금,1,1,0,0,0,전남,강진군,차대사람,차도통행중,차도통행중,운전자법규위반,안전운전 의무 불이행,교차로,교차로부근,승용차,승용차,보행자,보행자,935263,1618962,126.7943064,34.56270847
2017,2017-04-07,24,주간,금,1,1,0,0,0,경기,안산시,차대차,정면충돌,정면충돌,운전자법규위반,신호위반,교차로,교차로내,자전거,자전거,승용차,승용차,941321,1925687,126.8376532,37.32833228
2017,2017-04-07,45,주간,금,1,1,0,0,0,강원,홍천군,차대차,정면충돌,정면충돌,운전자법규위반,안전운전 의무 불이행,단일로,기타단일로,승용차,승용차,승용차,승용차,1034125,1966360,127.8870869,37.69616288
2017,2017-04-07,40,주간,금,1,1,0,0,0,서울,동작구,차량단독,전도,전도,운전자법규위반,안전운전 의무 불이행,기타,기타,원동기장치자전거,원동기장치자전거,없음,없음,953433,1945203,126.9731322,37.50492437
2017,2017-04-07,15,주간,금,1,1,0,0,0,충남,아산시,차량단독,전도전복,전도전복,운전자법규위반,안전운전 의무 불이행,단일로,기타단일로,이륜차,이륜차,없음,없음,961672,1865252,127.0704421,36.78462886