발생년,발생년월일시분,발생분,주야,요일,사망자수,사상자수,중상자수,경상자수,부상신고자수,발생지시도,발생지시군구,사고유형_대분류,사고유형_중분류,사고유형,법규위반_대분류,법규위반,도로형태_대분류,도로형태,당사자종별_1당_대분류,당사자종별_1당,당사자종별_2당_대분류,당사자종별_2당,발생위치X_UTMK,발생위치Y_UTMK,경도,위도
2017,2017-05-02,55,야간,화,1,2,1,0,0,강원,원주시,차대차,측면충돌,측면충돌,운전자법규위반,중앙선 침범,단일로,기타단일로,승합차,승합차,승용차,승용차,1039063,1930179,127.941173,37.3698538
2017,2017-05-02,42,주간,화,1,1,0,0,0,대전,동구,차대사람,횡단중,횡단중,운전자법규위반,안전운전 의무 불이행,단일로,기타단일로,승용차,승용차,보행자,보행자,999795,1817121,127.4977153,36.35149937
2017,2017-05-02,16,주간,화,1,3,2,0,0,충북,충주시,차대차,정면충돌,정면충돌,운전자법규위반,안전거리 미확보,단일로,기타단일로,승용차,승용차,건설기계,건설기계,1037526,1891486,127.9218696,37.021143
2017,2017-05-03,50,야간,수,1,1,0,0,0,서울,용산구,차량단독,전도,전도,운전자법규위반,안전운전 의무 불이행,단일로,기타단일로,이륜차,이륜차,없음,없음,954280,1946856,126.9826121,37.51986567
2017,2017-05-03,0,야간,수,1,1,0,0,0,인천,중구,차대사람,차도통행중,차도통행중,운전자법규위반,안전운전 의무 불이행,단일로,기타단일로,승용차,승용차,보행자,보행자,910541,1940731,126.4884402,37.46146042
2017,2017-05-03,7,야간,수,1,2,0,1,0,전북,남원시,차대차,추돌,추돌,운전자법규위반,안전운전 의무 불이행,단일로,기타단일로,화물차,화물차,화물차,화물차,991510,1715462,127.406463,35.43489501
2017,2017-05-03,13,야간,수,1,1,0,0,0,대구,수성구,차량단독,공작물충돌,공작물충돌,운전자법규위반,안전운전 의무 불이행,단일로,교량위,이륜차,이륜차,없음,없음,1101507,1757087,128.6234434,35.8050301
2017,2017-05-03,43,주간,수,1,4,2,1,0,경기,시흥시,차대차,측면충돌,측면충돌,운전자법규위반,직진 및 우회전차의 통행방해,교차로,교차로내,건설기계,건설기계,화물차,화물차,928393,1925920,126.6917163,37.3295255
2017,2017-05-03,20,주간,수,1,1,0,0,0,경북,경주시,차대사람,길가장자리구역통행중,길가장자리구역통행중,운전자법규위반,안전운전 의무 불이행,단일로,기타단일로,승용차,승용차,보행자,보행자,1140752,1744715,129.0555432,35.68864218
2017,2017-05-03,25,주간,수,1,1,0,0,0,충북,청주시,차대차,기타,기타,운전자법규위반,안전운전 의무 불이행,교차로,교차로부근,화물차,화물차,화물차,화물차,1015657,1850377,127.6751717,36.65117964
2017,2017-05-03,25,주간,수,1,1,0,0,0,전남,담양군,차대차,측면충돌,측면충돌,운전자법규위반,중앙선 침범,단일로,기타단일로,자전거,자전거,승용차,승용차,951166,1702576,126.9627615,35.31754625
2017,2017-05-03,50,야간,수,1,1,0,0,0,충남,청양군,차량단독,기타,기타,운전자법규위반,안전운전 의무 불이행,교차로,교차로내,화물차,화물차,없음,없음,947423,1813946,126.9142551,36.32144022
2017,2017-05-03,30,야간,수,1,1,0,0,0,충남,예산군,차량단독,공작물충돌,공작물충돌,운전자법규위반,안전운전 의무 불이행,단일로,기타단일로,사륜오토바이(ATV),사륜오토바이(ATV),없음,없음,941771,1848690,126.8486755,36.63431978
2017,2017-05-04,0,야간,목,1,1,0,0,0,충북,음성군,차량단독,전도,전도,운전자법규위반,안전운전 의무 불이행,단일로,기타단일로,원동기장치자전거,원동기장치자전거,없음,없음,1018877,1880924,127.7119542,36.92649293
2017,2017-05-04,22,야간,목,1,1,0,0,0,경기,안성시,차대차,정면충돌,정면충돌,운전자법규위반,중앙선 침범,단일로,기타단일로,승용차,승용차,화물차,화물차,993724,1897422,127.4293944,37.07538105
2017,2017-05-04,33,야간,목,1,1,0,0,0,대전,중구,차대사람,횡단중,횡단중,운전자법규위반,안전운전 의무 불이행,단일로,기타단일로,승용차,승용차,보행자,보행자,991882,1813816,127.409559,36.32166916
2017,2017-05-04,50,야간,목,1,1,0,0,0,광주,북구,차대사람,횡단중,횡단중,운전자법규위반,신호위반,교차로,교차로부근,화물차,화물차,보행자,보행자,947144,1685671,126.9196031,35.16491566
2017,2017-05-04,20,주간,목,1,1,0,0,0,광주,광산구,차대사람,횡단중,횡단중,운전자법규위반,보행자 보호의무 위반,교차로,교차로부근,화물차,화물차,보행자,보행자,936432,1685491,126.8018119,35.16255558
2017,2017-05-04,7,주간,목,1,1,0,0,0,전남,목포시,차대차,기타,기타,운전자법규위반,안전거리 미확보,단일로,기타단일로,자전거,자전거,화물차,화물차,898691,1644314,126.3922344,34.78839871
2017,2017-05-04,18,주간,목,1,1,0,0,0,경남,거창군,차대차,기타,기타,운전자법규위반,안전거리 미확보,교차로,교차로부근,자전거,자전거,화물차,화물차,1037113,1742740,127.9101321,35.68018773
2017,2017-05-04,55,주간,목,1,1,0,0,0,강원,평창군,차량단독,전도,전도,운전자법규위반,안전운전 의무 불이행,단일로,기타단일로,농기계,농기계,없음,없음,1096090,1963619,128.5895282,37.66706012
2017,2017-05-04,51,주간,목,1,2,1,0,0,강원,철원군,차대차,측면충돌,측면충돌,운전자법규위반,직진 및 우회전차의 통행방해,교차로,교차로내,승용차,승용차,화물차,화물차,979576,2022231,127.2667381,38.20013064
2017,2017-05-04,10,주간,목,1,1,0,0,0,충남,논산시,차량단독,도로이탈,도로이탈 추락,운전자법규위반,안전운전 의무 불이행,단일로,기타단일로,농기계,농기계,없음,없음,968482,1811553,127.1489587,36.30078601
2017,2017-05-04,25,주간,목,1,1,0,0,0,서울,양천구,차대사람,기타,기타,운전자법규위반,안전운전 의무 불이행,단일로,기타단일로,화물차,화물차,보행자,보행자,942093,1946746,126.8447146,37.5181896
2017,2017-05-04,10,야간,목,1,1,0,0,0,충남,천안시,차량단독,전도전복,전도전복,운전자법규위반,안전운전 의무 불이행,단일로,기타단일로,승용차,승용차,없음,없음,969208,1868182,127.1547811,36.81131657
2017,2017-05-04,50,야간,목,1,1,0,0,0,서울,강북구,차대사람,차도통행중,차도통행중,운전자법규위반,안전운전 의무 불이행,교차로,교차로내,승용차,승용차,보행자,보행자,957462,1959194,127.0179034,37.63122317
2017,2017-05-05,45,야간,금,1,2,1,0,0,경북,구미시,차량단독,전복,전복,운전자법규위반,안전운전 의무 불이행,교차로,교차로부근,승용차,승용차,없음,없음,1077843,1790797,128.3649016,36.11105094
2017,2017-05-05,20,야간,금,1,1,0,0,0,경기,파주시,차량단독,전도전복,전도전복,운전자법규위반,안전운전 의무 불이행,교차로,교차로내,승용차,승용차,없음,없음,950325,1997762,126.9343759,37.97846915
2017,2017-05-05,15,주간,금,1,1,0,0,0,충남,서산시,차량단독,공작물충돌,공작물충돌,운전자법규위반,안전운전 의무 불이행,단일로,기타단일로,승용차,승용차,없음,없음,899497,1849731,126.3757455,36.64017951
2017,2017-05-05,50,주간,금,1,1,0,0,0,경기,용인시,차량단독,기타,기타,운전자법규위반,안전운전 의무 불이행,단일로,기타단일로,승용차,승용차,없음,없음,967937,1925526,127.1380839,37.32818144
2017,2017-05-05,15,주간,금,1,1,0,0,0,전남,여수시,차량단독,공작물충돌,공작물충돌,운전자법규위반,안전운전 의무 불이행,단일로,기타단일로,화물차,화물차,없음,없음,1017672,1641952,127.6931278,34.77191728
2017,2017-05-05,5,주간,금,1,4,0,3,0,경북,경주시,차대차,추돌,추돌,운전자법규위반,안전운전 의무 불이행,단일로,기타단일로,승합차,승합차,승용차,승용차,1156860,1761146,129.2367103,35.83428947
2017,2017-05-05,40,주간,금,1,2,1,0,0,경남,진주시,차대차,추돌,추돌,운전자법규위반,안전운전 의무 불이행,단일로,기타단일로,화물차,화물차,승합차,승합차,1055161,1685696,128.1057079,35.16501718
2017,2017-05-05,45,주간,금,1,3,1,1,0,강원,철원군,차대차,정면충돌,정면충돌,운전자법규위반,중앙선 침범,단일로,기타단일로,승용차,승용차,승용차,승용차,997584,2026022,127.4723939,38.23452575
2017,2017-05-05,5,주간,금,1,1,0,0,0,전남,곡성군,차량단독,도로이탈,도로이탈 기타,운전자법규위반,안전운전 의무 불이행,기타,기타,자전거,자전거,없음,없음,981174,1698168,127.2942069,35.27774656
2017,2017-05-05,25,야간,금,1,1,0,0,0,전남,여수시,차대사람,횡단중,횡단중,운전자법규위반,안전운전 의무 불이행,단일로,기타단일로,화물차,화물차,보행자,보행자,1017820,1639340,127.6946899,34.74836035
2017,2017-05-05,20,야간,금,1,1,0,0,0,전북,전주시,차대사람,횡단중,횡단중,운전자법규위반,보행자 보호의무 위반,교차로,교차로횡단보도내,화물차,화물차,보행자,보행자,965512,1763569,127.1179788,35.86807905
2017,2017-05-05,30,야간,금,1,1,0,0,0,충남,예산군,차대사람,횡단중,횡단중,운전자법규위반,안전운전 의무 불이행,단일로,기타단일로,승용차,승용차,보행자,보행자,935417,1854480,126.7771194,36.68610242
2017,2017-05-06,26,야간,토,1,1,0,0,0,대구,남구,차대사람,횡단중,횡단중,운전자법규위반,안전운전 의무 불이행,단일로,기타단일로,승용차,승용차,보행자,보행자,1098498,1761887,128.5907701,35.84857025
2017,2017-05-06,30,야간,토,1,2,0,1,0,충남,보령시,차대차,추돌,추돌,운전자법규위반,안전운전 의무 불이행,단일로,기타단일로,승용차,승용차,특수차,특수차,918335,1825992,126.5889592,36.42799866
2017,2017-05-06,45,야간,토,1,2,0,1,0,대전,동구,차대차,추돌,추돌,운전자법규위반,안전운전 의무 불이행,단일로,기타단일로,승용차,승용차,화물차,화물차,994646,1816970,127.4403305,36.35012317
2017,2017-05-06,28,야간,토,1,1,0,0,0,광주,북구,차대사람,횡단중,횡단중,운전자법규위반,과속,교차로,교차로내,승용차,승용차,보행자,보행자,946520,1686869,126.9125897,35.17577442
2017,2017-05-06,30,야간,토,1,1,0,0,0,서울,성북구,차량단독,전도,전도,운전자법규위반,안전운전 의무 불이행,단일로,기타단일로,이륜차,이륜차,없음,없음,956953,1954761,127.0123959,37.59124408
2017,2017-05-06,10,주간,토,1,2,0,1,0,경기,여주시,차대차,측면충돌,측면충돌,운전자법규위반,안전운전 의무 불이행,교차로,교차로내,화물차,화물차,승합차,승합차,1010741,1922316,127.6211952,37.29973811
2017,2017-05-06,30,주간,토,1,1,0,0,0,전남,고흥군,차량단독,전도,전도,운전자법규위반,안전운전 의무 불이행,단일로,기타단일로,화물차,화물차,없음,없음,986310,1611231,127.3509074,34.49505971
2017,2017-05-06,40,주간,토,1,1,0,0,0,충북,영동군,차대차,기타,기타,운전자법규위반,안전운전 의무 불이행,교차로,교차로내,이륜차,이륜차,화물차,화물차,1015655,1790008,127.6739332,36.10693323
2017,2017-05-06,35,주간,토,1,3,1,1,0,강원,평창군,차대차,측면충돌,측면충돌,운전자법규위반,안전운전 의무 불이행,단일로,기타단일로,승용차,승용차,승용차,승용차,1081588,1956297,128.4248143,37.6022741
2017,2017-05-06,50,주간,토,1,1,0,0,0,경기,의정부시,차대차,측면충돌,측면충돌,운전자법규위반,안전운전 의무 불이행,교차로,교차로부근,승용차,승용차,자전거,자전거,959308,1970650,127.0381844,37.73456079
2017,2017-05-06,18,주간,토,1,2,0,1,0,서울,동작구,차대차,측면충돌,측면충돌,운전자법규위반,신호위반,교차로,교차로부근,원동기장치자전거,원동기장치자전거,승합차,승합차,949566,1946147,126.9293173,37.51322959
2017,2017-05-06,46,주간,토,1,2,0,1,0,충남,보령시,차대차,기타,기타,운전자법규위반,신호위반,교차로,교차로내,승용차,승용차,건설기계,건설기계,920184,1817850,126.6104207,36.35476013
2017,2017-05-06,48,주간,토,1,1,0,0,0,인천,부평구,차대사람,횡단중,횡단중,운전자법규위반,보행자 보호의무 위반,교차로,교차로횡단보도내,건설기계,건설기계,보행자,보행자,929589,1945787,126.7033205,37.50867661
2017,2017-05-06,50,야간,토,1,3,0,2,0,제주,제주시,차대차,기타,기타,운전자법규위반,중앙선 침범,단일로,기타단일로,승용차,승용차,승용차,승용차,908953,1500921,126.5198527,33.49627478
2017,2017-05-06,5,야간,토,1,1,0,0,0,충북,충주시,차대사람,횡단중,횡단중,운전자법규위반,안전운전 의무 불이행,교차로,교차로부근,화물차,화물차,보행자,보행자,1025098,1883830,127.7819004,36.95254364
2017,2017-05-06,10,야간,토,1,1,0,0,0,전북,김제시,차대사람,기타,기타,운전자법규위반,과속,기타,기타,승용차,승용차,보행자,보행자,939823,1756669,126.8339572,35.80462977
2017,2017-05-06,20,야간,토,1,1,0,0,0,서울,성동구,차대사람,횡단중,횡단중,운전자법규위반,안전운전 의무 불이행,교차로,교차로횡단보도내,화물차,화물차,보행자,보행자,959285,1951076,127.039015,37.55813638
2017,2017-05-06,34,야간,토,1,1,0,0,0,전남,해남군,차량단독,전도전복,전도전복,운전자법규위반,안전운전 의무 불이행,단일로,기타단일로,화물차,화물차,없음,없음,913022,1627214,126.5509537,34.63553547
2017,2017-05-07,40,야간,일,1,1,0,0,0,경기,용인시,차량단독,공작물충돌,공작물충돌,운전자법규위반,안전운전 의무 불이행,단일로,기타단일로,이륜차,이륜차,없음,없음,964418,1919096,127.0986716,37.27009485
2017,2017-05-07,25,야간,일,1,1,0,0,0,경남,김해시,차대사람,횡단중,횡단중,운전자법규위반,안전운전 의무 불이행,단일로,기타단일로,승용차,승용차,보행자,보행자,1126143,1694648,128.886367,35.2393118
2017,2017-05-07,1,야간,일,1,1,0,0,0,울산,남구,차대사람,횡단중,횡단중,운전자법규위반,안전운전 의무 불이행,단일로,기타단일로,승용차,승용차,보행자,보행자,1163964,1728288,129.3086313,35.53701445
2017,2017-05-07,10,주간,일,1,4,1,2,0,경기,평택시,차대차,정면충돌,정면충돌,운전자법규위반,신호위반,교차로,교차로내,이륜차,이륜차,화물차,화물차,942042,1888690,126.8486588,36.99490152
2017,2017-05-07,40,주간,일,1,1,0,0,0,서울,성동구,차대사람,기타,기타,운전자법규위반,안전운전 의무 불이행,교차로,교차로내,승용차,승용차,보행자,보행자,957966,1951934,127.0240322,37.56581051
2017,2017-05-07,5,주간,일,1,2,1,0,0,강원,강릉시,차량단독,전도,전도,운전자법규위반,안전운전 의무 불이행,교차로,교차로내,승용차,승용차,없음,없음,1123408,1973527,128.9007471,37.7530006
2017,2017-05-07,20,야간,일,1,1,0,0,0,경북,경산시,차대차,기타,기타,운전자법규위반,안전운전 의무 불이행,단일로,기타단일로,이륜차,이륜차,화물차,화물차,1114444,1762616,128.767413,35.85341354
2017,2017-05-07,42,야간,일,1,1,0,0,0,광주,북구,차대사람,횡단중,횡단중,운전자법규위반,안전운전 의무 불이행,교차로,교차로부근,승합차,승합차,보행자,보행자,943473,1686994,126.8792043,35.17664487
2017,2017-05-08,15,야간,월,1,1,0,0,0,제주,제주시,차량단독,전도,전도,운전자법규위반,안전운전 의무 불이행,교차로,교차로부근,이륜차,이륜차,없음,없음,895567,1498602,126.3760413,33.47413863
2017,2017-05-08,55,야간,월,1,2,1,0,0,전북,전주시,차량단독,전도전복,전도전복,운전자법규위반,안전운전 의무 불이행,단일로,지하차도(도로)내,승용차,승용차,없음,없음,969981,1760563,127.1677231,35.84121195
2017,2017-05-08,0,야간,월,1,1,0,0,0,전남,장흥군,차대차,추돌,추돌,운전자법규위반,안전운전 의무 불이행,단일로,기타단일로,승합차,승합차,농기계,농기계,948397,1619293,126.936986,34.5662274
2017,2017-05-08,0,주간,월,1,1,0,0,0,대구,달성군,차대차,정면충돌,정면충돌,운전자법규위반,안전운전 의무 불이행,교차로,교차로내,화물차,화물차,원동기장치자전거,원동기장치자전거,1085952,1740748,128.4495868,35.65918152
2017,2017-05-08,50,주간,월,1,1,0,0,0,전북,장수군,차대차,측면충돌,측면충돌,운전자법규위반,안전운전 의무 불이행,교차로,교차로내,사륜오토바이(ATV),사륜오토바이(ATV),화물차,화물차,1009000,1747737,127.5995152,35.72590004
2017,2017-05-08,15,주간,월,1,1,0,0,0,경북,상주시,차대차,기타,기타,운전자법규위반,안전운전 의무 불이행,교차로,교차로내,화물차,화물차,원동기장치자전거,원동기장치자전거,1058068,1820039,128.1473697,36.37605224
2017,2017-05-08,30,주간,월,1,1,0,0,0,전남,영광군,차량단독,전도,전도,운전자법규위반,안전운전 의무 불이행,단일로,기타단일로,농기계,농기계,없음,없음,907600,1692124,126.4847057,35.220236
2017,2017-05-08,58,주간,월,1,4,2,1,0,전남,나주시,차대차,측면충돌,측면충돌,운전자법규위반,안전운전 의무 불이행,교차로,교차로내,승용차,승용차,승용차,승용차,921778,1661892,126.6410747,34.95013138
2017,2017-05-08,30,주간,월,1,1,0,0,0,전남,해남군,차대차,측면충돌,측면충돌,운전자법규위반,교차로 통행방법 위반,교차로,교차로내,화물차,화물차,이륜차,이륜차,923195,1619404,126.6623983,34.5662032
2017,2017-05-08,0,주간,월,1,3,0,1,1,대구,달성군,차대차,측면충돌,측면충돌,운전자법규위반,신호위반,교차로,교차로내,승용차,승용차,승용차,승용차,1083035,1741219,128.4174125,35.66367752
2017,2017-05-08,0,주간,월,1,1,0,0,0,충북,충주시,차대사람,횡단중,횡단중,운전자법규위반,안전운전 의무 불이행,교차로,교차로부근,화물차,화물차,보행자,보행자,1039343,1884411,127.9406016,36.95713599
2017,2017-05-08,20,주간,월,1,2,1,0,0,충남,부여군,차대차,정면충돌,정면충돌,운전자법규위반,교차로 통행방법 위반,교차로,교차로내,승용차,승용차,이륜차,이륜차,940958,1791703,126.8439112,36.12054458
2017,2017-05-08,55,야간,월,1,1,0,0,0,경북,경주시,차대차,측면충돌,측면충돌,운전자법규위반,신호위반,교차로,교차로내,자전거,자전거,승용차,승용차,1154163,1761979,129.2070227,35.84222436
2017,2017-05-09,20,야간,화,1,1,0,0,0,울산,남구,차대사람,횡단중,횡단중,운전자법규위반,과속,교차로,교차로부근,승용차,승용차,보행자,보행자,1165144,1729674,129.3219242,35.54930928
2017,2017-05-09,45,야간,화,1,1,0,0,0,경기,의정부시,차대사람,횡단중,횡단중,운전자법규위반,신호위반,단일로,기타단일로,화물차,화물차,보행자,보행자,959059,1971613,127.0353043,37.74322921
2017,2017-05-09,50,야간,화,1,1,0,0,0,인천,서구,차대사람,횡단중,횡단중,운전자법규위반,안전운전 의무 불이행,교차로,교차로내,이륜차,이륜차,보행자,보행자,924522,1956969,126.6448435,37.60905462
2017,2017-05-09,45,주간,화,1,1,0,0,0,강원,속초시,차대사람,차도통행중,차도통행중,운전자법규위반,신호위반,교차로,교차로부근,승합차,승합차,보행자,보행자,1095539,2023156,128.5911851,38.20362774
2017,2017-05-09,57,주간,화,1,1,0,0,0,경기,안산시,차대사람,차도통행중,차도통행중,운전자법규위반,안전운전 의무 불이행,단일로,기타단일로,화물차,화물차,보행자,보행자,943786,1927275,126.8653552,37.34279799
2017,2017-05-09,10,주간,화,1,1,0,0,0,충남,논산시,차대차,기타,기타,운전자법규위반,안전운전 의무 불이행,단일로,기타단일로,자전거,자전거,승용차,승용차,961400,1801809,127.0705636,36.2126833
2017,2017-05-09,15,주간,화,1,1,0,0,0,전북,정읍시,차대사람,횡단중,횡단중,운전자법규위반,안전운전 의무 불이행,교차로,교차로내,승용차,승용차,보행자,보행자,941775,1732107,126.8573399,35.5833006
2017,2017-05-09,20,주간,화,1,1,0,0,0,충북,음성군,차대사람,횡단중,횡단중,운전자법규위반,안전운전 의무 불이행,교차로,교차로내,승용차,승용차,보행자,보행자,1012351,1902264,127.6390295,37.1189677
2017,2017-05-09,30,주간,화,1,1,0,0,0,경기,안산시,차대사람,횡단중,횡단중,운전자법규위반,안전운전 의무 불이행,단일로,기타단일로,승용차,승용차,보행자,보행자,942523,1923446,126.8513937,37.3082085
2017,2017-05-09,1,주간,화,1,1,0,0,0,경기,평택시,차량단독,전도전복,전도전복,운전자법규위반,안전운전 의무 불이행,단일로,기타단일로,화물차,화물차,없음,없음,947739,1883164,126.9130619,36.94542419
2017,2017-05-09,30,주간,화,1,1,0,0,0,강원,춘천시,차대차,측면충돌,측면충돌,운전자법규위반,신호위반,교차로,교차로부근,화물차,화물차,자전거,자전거,1019920,1984752,127.7264634,37.86235191
2017,2017-05-09,38,야간,화,1,2,0,1,0,강원,태백시,차대사람,기타,기타,운전자법규위반,과속,단일로,기타단일로,승용차,승용차,보행자,보행자,1132553,1908376,128.9929412,37.16473865
2017,2017-05-09,50,야간,화,1,1,0,0,0,전북,전주시,차대사람,보도통행중,보도통행중,운전자법규위반,과속,교차로,교차로횡단보도내,승합차,승합차,보행자,보행자,968287,1756505,127.1489974,35.80448369
2017,2017-05-09,10,야간,화,1,1,0,0,0,대구,수성구,차대사람,횡단중,횡단중,운전자법규위반,안전운전 의무 불이행,단일로,기타단일로,승용차,승용차,보행자,보행자,1100769,1760455,128.6157342,35.83543062
2017,2017-05-10,52,야간,수,1,1,0,0,0,강원,강릉시,차량단독,공작물충돌,공작물충돌,운전자법규위반,과속,교차로,교차로부근,승용차,승용차,없음,없음,1124790,1978065,128.9172921,37.79384233
2017,2017-05-10,8,야간,수,1,1,0,0,0,대구,달서구,차대차,추돌,추돌,운전자법규위반,안전운전 의무 불이행,단일로,기타단일로,승용차,승용차,건설기계,건설기계,1090954,1758885,128.5068976,35.82223711
2017,2017-05-10,40,주간,수,1,1,0,0,0,대전,중구,차대사람,횡단중,횡단중,운전자법규위반,안전운전 의무 불이행,단일로,기타단일로,승용차,승용차,보행자,보행자,991500,1813781,127.4053036,36.32135032
2017,2017-05-10,40,주간,수,1,2,1,0,0,경기,파주시,차대차,추돌,추돌,운전자법규위반,안전운전 의무 불이행,단일로,지하차도(도로)내,승용차,승용차,화물차,화물차,931986,1970249,126.7281637,37.72932427
2017,2017-05-10,52,주간,수,1,1,0,0,0,충남,서산시,차량단독,전도,전도,운전자법규위반,안전거리 미확보,단일로,기타단일로,승용차,승용차,없음,없음,900283,1865666,126.382458,36.78388672
2017,2017-05-10,35,주간,수,1,4,1,0,2,경북,경산시,차대차,정면충돌,정면충돌,운전자법규위반,중앙선 침범,단일로,기타단일로,승용차,승용차,승용차,승용차,1110794,1762410,128.7269826,35.85197156
2017,2017-05-10,20,주간,수,1,1,0,0,0,충남,홍성군,차량단독,전도전복,전도전복,운전자법규위반,안전운전 의무 불이행,단일로,기타단일로,농기계,농기계,없음,없음,926201,1831017,126.6762235,36.47393297
2017,2017-05-10,20,주간,수,1,1,0,0,0,경기,안양시,차대사람,횡단중,횡단중,운전자법규위반,신호위반,교차로,교차로횡단보도내,건설기계,건설기계,보행자,보행자,951708,1932725,126.9544334,37.39236731
2017,2017-05-10,32,주간,수,1,2,1,0,0,강원,속초시,차대차,기타,기타,운전자법규위반,안전운전 의무 불이행,교차로,교차로내,이륜차,이륜차,승용차,승용차,1092349,2021642,128.5548981,38.18961196
2017,2017-05-10,7,야간,수,1,1,0,0,0,전북,순창군,차대사람,횡단중,횡단중,운전자법규위반,안전운전 의무 불이행,단일로,교량위,승용차,승용차,보행자,보행자,964642,1709162,127.1107269,35.37749813
2017,2017-05-11,54,야간,목,1,2,1,0,0,충남,공주시,차대차,기타,기타,운전자법규위반,안전운전 의무 불이행,단일로,기타단일로,승용차,승용차,화물차,화물차,960748,1809192,127.0633036,36.28624595
2017,2017-05-11,0,주간,목,1,1,0,0,0,전남,함평군,차대차,기타,기타,운전자법규위반,안전운전 의무 불이행,단일로,기타단일로,화물차,화물차,이륜차,이륜차,906457,1679050,126.47363,35.10225813
2017,2017-05-11,50,주간,목,1,1,0,0,0,경기,남양주시,차량단독,전도전복,전도전복,운전자법규위반,안전운전 의무 불이행,단일로,기타단일로,이륜차,이륜차,없음,없음,973582,1954710,127.2007555,37.59141223
2017,2017-05-11,4,주간,목,1,1,0,0,0,광주,남구,차대사람,횡단중,횡단중,운전자법규위반,신호위반,교차로,교차로부근,화물차,화물차,보행자,보행자,945431,1682125,126.9010284,35.13285078
2017,2017-05-11,50,주간,목,1,2,1,0,0,경북,성주군,차대차,추돌,추돌,운전자법규위반,안전운전 의무 불이행,단일로,교량위,이륜차,이륜차,화물차,화물차,1080271,1765349,128.3892966,35.88144306
2017,2017-05-11,20,주간,목,1,1,0,0,0,경기,평택시,차량단독,공작물충돌,공작물충돌,운전자법규위반,안전운전 의무 불이행,단일로,기타단일로,이륜차,이륜차,없음,없음,946827,1887982,126.9024805,36.98880252
2017,2017-05-11,15,주간,목,1,2,1,0,0,충남,서산시,차대사람,횡단중,횡단중,운전자법규위반,안전운전 의무 불이행,교차로,교차로부근,승용차,승용차,보행자,보행자,904907,1874445,126.4331735,36.86348854
2017,2017-05-11,20,주간,목,5,14,1,8,0,강원,평창군,차대차,추돌,추돌,운전자법규위반,안전운전 의무 불이행,단일로,기타단일로,승합차,승합차,승합차,승합차,1073759,1951258,128.3298682,37.55687783
2017,2017-05-11,0,야간,목,1,2,1,0,0,경기,고양시,차량단독,전도전복,전도전복,운전자법규위반,안전운전 의무 불이행,단일로,기타단일로,이륜차,이륜차,없음,없음,951927,1963406,126.9548986,37.66891307
2017,2017-05-11,55,야간,목,1,1,0,0,0,울산,중구,차대사람,횡단중,횡단중,운전자법규위반,안전운전 의무 불이행,단일로,기타단일로,화물차,화물차,보행자,보행자,1166177,1729947,129.3333714,35.55159685
2017,2017-05-11,22,야간,목,1,1,0,0,0,충남,예산군,차대차,정면충돌,정면충돌,운전자법규위반,안전운전 의무 불이행,단일로,기타단일로,화물차,화물차,화물차,화물차,933298,1853031,126.7535293,36.67289457
2017,2017-05-12,20,야간,금,1,1,0,0,0,경남,창원시(통합),차대사람,차도통행중,차도통행중,운전자법규위반,안전운전 의무 불이행,단일로,기타단일로,화물차,화물차,보행자,보행자,1109813,1682868,128.7053617,35.13503588
2017,2017-05-12,58,주간,금,1,1,0,0,0,경기,안성시,차대사람,횡단중,횡단중,운전자법규위반,안전운전 의무 불이행,교차로,교차로내,승용차,승용차,보행자,보행자,998049,1899315,127.4780461,37.09246411
2017,2017-05-12,35,주간,금,1,1,0,0,0,경북,경주시,차량단독,전도전복,전도전복,운전자법규위반,안전운전 의무 불이행,단일로,기타단일로,승용차,승용차,없음,없음,1164094,1746026,129.3136711,35.69684777
2017,2017-05-12,0,주간,금,1,3,0,2,0,강원,횡성군,차대차,추돌,추돌,운전자법규위반,안전운전 의무 불이행,단일로,기타단일로,승용차,승용차,화물차,화물차,1040314,1957153,127.899829,37.58984076
2017,2017-05-12,40,주간,금,1,6,0,5,0,대전,서구,차대차,측면충돌,측면충돌,운전자법규위반,안전운전 의무 불이행,단일로,기타단일로,승용차,승용차,승용차,승용차,986680,1811685,127.3516412,36.30239935
2017,2017-05-12,20,주간,금,1,2,1,0,0,전남,담양군,차량단독,전도전복,전도전복,운전자법규위반,안전운전 의무 불이행,단일로,기타단일로,화물차,화물차,없음,없음,943325,1700705,126.8766338,35.30026247
2017,2017-05-12,37,주간,금,1,1,0,0,0,경북,경주시,차대차,측면충돌,측면충돌,운전자법규위반,안전운전 의무 불이행,교차로,교차로내,화물차,화물차,이륜차,이륜차,1157285,1767301,129.242628,35.88969009
2017,2017-05-12,58,야간,금,1,1,0,0,0,경기,부천시,차대차,추돌,추돌,운전자법규위반,안전운전 의무 불이행,단일로,기타단일로,화물차,화물차,자전거,자전거,936442,1948315,126.7806356,37.53195879