발생년,발생년월일시분,발생분,주야,요일,사망자수,사상자수,중상자수,경상자수,부상신고자수,발생지시도,발생지시군구,사고유형_대분류,사고유형_중분류,사고유형,법규위반_대분류,법규위반,도로형태_대분류,도로형태,당사자종별_1당_대분류,당사자종별_1당,당사자종별_2당_대분류,당사자종별_2당,발생위치X_UTMK,발생위치Y_UTMK,경도,위도
2017,2017-05-22,0,주간,월,1,1,0,0,0,대구,달서구,차대차,측면충돌,측면충돌,운전자법규위반,교차로 통행방법 위반,교차로,교차로내,화물차,화물차,이륜차,이륜차,1089237,1760533,128.4880765,35.83725131
2017,2017-05-22,0,야간,월,1,4,2,1,0,경기,평택시,차대차,정면충돌,정면충돌,운전자법규위반,안전운전 의무 불이행,단일로,기타단일로,화물차,화물차,승용차,승용차,955469,1890611,126.999434,37.01294963
2017,2017-05-22,44,야간,월,1,1,0,0,0,서울,강동구,차대차,정면충돌,정면충돌,운전자법규위반,신호위반,교차로,교차로내,이륜차,이륜차,원동기장치자전거,원동기장치자전거,969636,1950039,127.1562522,37.54918888
2017,2017-05-23,35,야간,화,1,1,0,0,0,충북,충주시,차량단독,전도전복,전도전복,운전자법규위반,안전운전 의무 불이행,교차로,교차로부근,이륜차,이륜차,없음,없음,1033073,1885610,127.871552,36.96834268
2017,2017-05-23,30,야간,화,1,1,0,0,0,전남,여수시,차대사람,기타,기타,운전자법규위반,안전운전 의무 불이행,단일로,기타단일로,승용차,승용차,보행자,보행자,1015367,1641270,127.6679253,34.76580453
2017,2017-05-23,42,야간,화,1,1,0,0,0,경남,통영시,차대사람,횡단중,횡단중,운전자법규위반,안전운전 의무 불이행,단일로,기타단일로,화물차,화물차,보행자,보행자,1081594,1663352,128.3937365,34.96175939
2017,2017-05-23,35,주간,화,1,1,0,0,0,전남,담양군,차대차,측면충돌,측면충돌,운전자법규위반,안전운전 의무 불이행,교차로,교차로내,화물차,화물차,사륜오토바이(ATV),사륜오토바이(ATV),944407,1697688,126.8886583,35.27311824
2017,2017-05-23,10,주간,화,1,1,0,0,0,서울,광진구,차대사람,횡단중,횡단중,운전자법규위반,안전운전 의무 불이행,단일로,기타단일로,화물차,화물차,보행자,보행자,963824,1949567,127.0904798,37.54472469
2017,2017-05-23,22,주간,화,1,2,1,0,0,전남,해남군,차대차,측면충돌,측면충돌,운전자법규위반,과속,교차로,교차로내,화물차,화물차,이륜차,이륜차,908976,1614972,126.508213,34.52473903
2017,2017-05-23,10,주간,화,1,2,1,0,0,전북,장수군,차대차,정면충돌,정면충돌,운전자법규위반,중앙선 침범,단일로,기타단일로,승용차,승용차,승용차,승용차,1002015,1741512,127.5222647,35.66981205
2017,2017-05-23,0,주간,화,1,2,0,1,0,경북,포항시,차대차,정면충돌,정면충돌,운전자법규위반,안전운전 의무 불이행,기타,기타,자전거,자전거,자전거,자전거,1172756,1790534,129.4190215,36.09643151
2017,2017-05-23,55,주간,화,1,1,0,0,0,경남,진주시,차량단독,전도,전도,운전자법규위반,안전운전 의무 불이행,단일로,기타단일로,농기계,농기계,없음,없음,1066128,1688424,128.2263444,35.18895212
2017,2017-05-23,30,주간,화,1,1,0,0,0,전남,보성군,차량단독,전도,전도,운전자법규위반,안전운전 의무 불이행,단일로,기타단일로,이륜차,이륜차,없음,없음,968475,1656249,127.1549447,34.90050652
2017,2017-05-23,5,주간,화,2,3,0,1,0,전남,무안군,차대차,정면충돌,정면충돌,운전자법규위반,중앙선 침범,단일로,기타단일로,화물차,화물차,건설기계,건설기계,897724,1673419,126.3785206,35.05064234
2017,2017-05-23,36,야간,화,1,2,0,1,0,전남,화순군,차대차,정면충돌,정면충돌,운전자법규위반,안전운전 의무 불이행,단일로,기타단일로,화물차,화물차,이륜차,이륜차,962583,1666509,127.0879088,34.98843964
2017,2017-05-23,17,야간,화,1,1,0,0,0,경북,울진군,차대사람,횡단중,횡단중,운전자법규위반,안전운전 의무 불이행,단일로,교량위,승용차,승용차,보행자,보행자,1168608,1890270,129.3947812,36.99580498
2017,2017-05-24,40,야간,수,1,1,0,0,0,전남,화순군,차대사람,기타,기타,운전자법규위반,안전운전 의무 불이행,단일로,기타단일로,승용차,승용차,보행자,보행자,945012,1658612,126.8973657,34.93002715
2017,2017-05-24,19,야간,수,1,1,0,0,0,충북,청주시,차대사람,횡단중,횡단중,운전자법규위반,과속,단일로,기타단일로,승용차,승용차,보행자,보행자,996551,1848189,127.4614221,36.63157743
2017,2017-05-24,20,야간,수,1,1,0,0,0,경기,포천시,차대사람,횡단중,횡단중,운전자법규위반,과속,교차로,교차로부근,승용차,승용차,보행자,보행자,969869,1986013,127.1574004,37.87343675
2017,2017-05-24,50,야간,수,1,1,0,0,0,서울,은평구,차대차,정면충돌,정면충돌,운전자법규위반,중앙선 침범,교차로,교차로부근,승용차,승용차,이륜차,이륜차,949076,1955849,126.9230993,37.60064798
2017,2017-05-24,55,야간,수,2,2,0,0,0,경남,창원시(통합),차대차,측면충돌,측면충돌,운전자법규위반,신호위반,교차로,교차로내,이륜차,이륜차,화물차,화물차,1093766,1697435,128.5309078,35.26799113
2017,2017-05-24,11,주간,수,1,3,1,0,1,경남,합천군,차대차,정면충돌,정면충돌,운전자법규위반,교차로 통행방법 위반,교차로,교차로내,승용차,승용차,승용차,승용차,1056815,1711655,128.1256669,35.39898391
2017,2017-05-24,8,주간,수,1,1,0,0,0,경북,청도군,차대차,추돌,추돌,운전자법규위반,안전운전 의무 불이행,교차로,교차로부근,이륜차,이륜차,화물차,화물차,1110457,1740141,128.7201828,35.651271
2017,2017-05-24,10,주간,수,1,1,0,0,0,충남,서천군,차대차,측면충돌,측면충돌,운전자법규위반,직진 및 우회전차의 통행방해,교차로,교차로내,화물차,화물차,원동기장치자전거,원동기장치자전거,935673,1786526,126.7856095,36.07353741
2017,2017-05-24,37,주간,수,1,2,0,1,0,강원,평창군,차량단독,공작물충돌,공작물충돌,운전자법규위반,안전운전 의무 불이행,교차로,교차로내,승용차,승용차,없음,없음,1088526,1960505,128.5033978,37.63975763
2017,2017-05-24,0,주간,수,1,1,0,0,0,경기,김포시,차대사람,횡단중,횡단중,운전자법규위반,보행자 보호의무 위반,단일로,기타단일로,승용차,승용차,보행자,보행자,928991,1961457,126.6950359,37.64985909
2017,2017-05-24,4,야간,수,1,1,0,0,0,경북,영주시,차량단독,전도,전도,운전자법규위반,안전운전 의무 불이행,단일로,기타단일로,원동기장치자전거,원동기장치자전거,없음,없음,1095536,1863357,128.5704031,36.7635062
2017,2017-05-24,25,야간,수,1,1,0,0,0,서울,송파구,차대차,추돌,추돌,운전자법규위반,안전운전 의무 불이행,단일로,기타단일로,이륜차,이륜차,화물차,화물차,968710,1944257,127.1460155,37.49704208
2017,2017-05-25,57,야간,목,1,2,1,0,0,경기,부천시,차대사람,횡단중,횡단중,운전자법규위반,과속,교차로,교차로횡단보도내,승용차,승용차,보행자,보행자,936107,1943529,126.7772603,37.48879974
2017,2017-05-25,21,야간,목,1,2,0,1,0,경북,안동시,차대차,추돌,추돌,운전자법규위반,안전운전 의무 불이행,단일로,기타단일로,승용차,승용차,화물차,화물차,1111558,1840037,128.7464873,36.55157732
2017,2017-05-25,40,야간,목,1,2,1,0,0,충남,논산시,차량단독,도로이탈,도로이탈 추락,운전자법규위반,안전운전 의무 불이행,단일로,교량위,화물차,화물차,없음,없음,965329,1801661,127.1142805,36.21149788
2017,2017-05-25,30,야간,목,1,3,1,1,0,부산,중구,차대사람,기타,기타,운전자법규위반,안전운전 의무 불이행,단일로,기타단일로,승용차,승용차,보행자,보행자,1139584,1679717,129.0315181,35.10293169
2017,2017-05-25,25,주간,목,1,1,0,0,0,경북,문경시,차량단독,전도전복,전도전복,운전자법규위반,안전운전 의무 불이행,단일로,기타단일로,승용차,승용차,없음,없음,1065417,1839356,128.2309269,36.54971351
2017,2017-05-25,25,주간,목,1,1,0,0,0,전북,정읍시,차대차,정면충돌,정면충돌,운전자법규위반,직진 및 우회전차의 통행방해,교차로,교차로내,화물차,화물차,이륜차,이륜차,948605,1745408,126.9318744,35.70360126
2017,2017-05-25,58,주간,목,1,1,0,0,0,전북,장수군,차대차,정면충돌,정면충돌,운전자법규위반,중앙선 침범,단일로,기타단일로,이륜차,이륜차,화물차,화물차,1005656,1754074,127.5625845,35.78306128
2017,2017-05-25,30,주간,목,1,1,0,0,0,경북,영덕군,차량단독,전도전복,전도전복,운전자법규위반,안전운전 의무 불이행,기타,기타,농기계,농기계,없음,없음,1165011,1810405,129.337207,36.27683635
2017,2017-05-25,10,주간,목,1,1,0,0,0,경북,성주군,차량단독,도로이탈,도로이탈 추락,운전자법규위반,안전운전 의무 불이행,단일로,기타단일로,화물차,화물차,없음,없음,1075453,1768367,128.3362109,35.90903406
2017,2017-05-25,45,주간,목,1,1,0,0,0,전북,군산시,차대차,측면충돌,측면충돌,운전자법규위반,신호위반,교차로,교차로내,자전거,자전거,승용차,승용차,929830,1775955,126.7216626,35.97783479
2017,2017-05-25,20,야간,목,1,1,0,0,0,대전,대덕구,차대차,추돌,추돌,운전자법규위반,과속,단일로,기타단일로,승용차,승용차,화물차,화물차,992842,1825289,127.4201485,36.42511013
2017,2017-05-25,50,야간,목,2,2,0,0,0,경남,거제시,차량단독,전도,전도,운전자법규위반,안전운전 의무 불이행,단일로,기타단일로,승합차,승합차,없음,없음,1109937,1656506,128.7032358,34.8973579
2017,2017-05-26,30,주간,금,1,1,0,0,0,충북,영동군,차대사람,기타,기타,운전자법규위반,보행자 보호의무 위반,교차로,교차로횡단보도내,승합차,승합차,보행자,보행자,1025017,1797580,127.7781887,36.1750034
2017,2017-05-26,17,주간,금,1,1,0,0,0,경기,화성시,차대차,추돌,추돌,운전자법규위반,안전운전 의무 불이행,단일로,기타단일로,승합차,승합차,농기계,농기계,937642,1897876,126.7984528,37.07741973
2017,2017-05-26,0,주간,금,1,3,0,2,0,충남,보령시,차대차,정면충돌,정면충돌,운전자법규위반,중앙선 침범,단일로,기타단일로,승용차,승용차,승용차,승용차,920917,1816108,126.6187664,36.33911767
2017,2017-05-26,5,주간,금,1,2,0,1,0,전북,순창군,차대차,정면충돌,정면충돌,운전자법규위반,직진 및 우회전차의 통행방해,교차로,교차로내,승합차,승합차,승용차,승용차,961864,1706587,127.0797959,35.35413836
2017,2017-05-26,8,주간,금,1,1,0,0,0,부산,수영구,차량단독,기타,기타,운전자법규위반,안전운전 의무 불이행,단일로,기타단일로,승합차,승합차,없음,없음,1146401,1684086,129.1070624,35.14135558
2017,2017-05-26,45,야간,금,1,5,2,2,0,강원,영월군,차량단독,기타,기타,운전자법규위반,안전운전 의무 불이행,단일로,기타단일로,승용차,승용차,없음,없음,1079631,1910025,128.3971465,37.18561165
2017,2017-05-26,11,야간,금,1,1,0,0,0,충남,서산시,차대차,추돌,추돌,운전자법규위반,안전운전 의무 불이행,단일로,기타단일로,화물차,화물차,농기계,농기계,914229,1855232,126.5399032,36.69120488
2017,2017-05-26,0,야간,금,1,1,0,0,0,경북,칠곡군,차대차,측면충돌,측면충돌,운전자법규위반,안전운전 의무 불이행,단일로,기타단일로,승용차,승용차,자전거,자전거,1088392,1773278,128.4801367,35.95222126
2017,2017-05-26,20,야간,금,1,1,0,0,0,전남,영암군,차량단독,전도전복,전도전복,운전자법규위반,안전운전 의무 불이행,주차장,주차장,원동기장치자전거,원동기장치자전거,없음,없음,927000,1646055,126.7018983,34.80645314
2017,2017-05-26,30,야간,금,1,1,0,0,0,경남,진주시,차대사람,기타,기타,운전자법규위반,안전운전 의무 불이행,단일로,기타단일로,승용차,승용차,보행자,보행자,1065467,1688741,128.2191097,35.19185366
2017,2017-05-26,50,야간,금,1,1,0,0,0,전남,목포시,차대사람,횡단중,횡단중,운전자법규위반,안전운전 의무 불이행,단일로,기타단일로,승용차,승용차,보행자,보행자,901542,1649886,126.423157,34.83885041
2017,2017-05-26,50,야간,금,1,2,1,0,0,서울,중랑구,차량단독,전도,전도,운전자법규위반,안전운전 의무 불이행,단일로,기타단일로,원동기장치자전거,원동기장치자전거,없음,없음,965014,1957735,127.1035604,37.61839149
2017,2017-05-26,35,야간,금,1,1,0,0,0,경북,구미시,차대차,정면충돌,정면충돌,운전자법규위반,안전운전 의무 불이행,단일로,기타단일로,이륜차,이륜차,승용차,승용차,1075091,1810985,128.3362611,36.29325609
2017,2017-05-26,50,야간,금,1,1,0,0,0,서울,양천구,차대사람,차도통행중,차도통행중,운전자법규위반,안전운전 의무 불이행,단일로,기타단일로,승용차,승용차,보행자,보행자,943798,1948170,126.8638986,37.53112968
2017,2017-05-27,5,야간,토,1,1,0,0,0,경기,안성시,차대사람,차도통행중,차도통행중,운전자법규위반,안전운전 의무 불이행,단일로,기타단일로,특수차,특수차,보행자,보행자,990378,1897040,127.3917566,37.07190921
2017,2017-05-27,20,야간,토,1,1,0,0,0,경기,용인시,차량단독,공작물충돌,공작물충돌,운전자법규위반,안전운전 의무 불이행,단일로,기타단일로,화물차,화물차,없음,없음,983395,1916295,127.3127735,37.24537877
2017,2017-05-27,20,야간,토,1,1,0,0,0,경기,이천시,차대사람,기타,기타,운전자법규위반,안전운전 의무 불이행,기타,기타,화물차,화물차,보행자,보행자,993572,1914897,127.4275342,37.23290295
2017,2017-05-27,50,주간,토,1,1,0,0,0,충남,논산시,차대차,측면충돌,측면충돌,운전자법규위반,직진 및 우회전차의 통행방해,교차로,교차로내,승용차,승용차,이륜차,이륜차,965573,1800110,127.1170631,36.19752366
2017,2017-05-27,40,주간,토,1,1,0,0,0,전북,남원시,차대차,측면충돌,측면충돌,운전자법규위반,교차로 통행방법 위반,교차로,교차로내,화물차,화물차,이륜차,이륜차,989365,1713724,127.3828536,35.41920322
2017,2017-05-27,15,주간,토,1,1,0,0,0,전남,순천시,차대차,추돌,추돌,운전자법규위반,안전운전 의무 불이행,단일로,기타단일로,화물차,화물차,자전거,자전거,994520,1679601,127.4384805,35.11049984
2017,2017-05-27,20,주간,토,1,2,0,1,0,강원,평창군,차대차,측면충돌,측면충돌,운전자법규위반,중앙선 침범,단일로,기타단일로,자전거,자전거,화물차,화물차,1076898,1957487,128.3712977,37.61360539
2017,2017-05-27,45,야간,토,1,1,0,0,0,경남,창원시(통합),차대차,추돌,추돌,운전자법규위반,안전운전 의무 불이행,단일로,기타단일로,승용차,승용차,승용차,승용차,1117646,1681394,128.791112,35.12086227
2017,2017-05-27,30,야간,토,1,1,0,0,0,인천,남구,차대사람,차도통행중,차도통행중,운전자법규위반,안전운전 의무 불이행,교차로,교차로부근,승용차,승용차,보행자,보행자,925187,1941342,126.6537656,37.46824115
2017,2017-05-27,8,야간,토,1,1,0,0,0,경북,구미시,차대사람,횡단중,횡단중,운전자법규위반,보행자 보호의무 위반,교차로,교차로내,승용차,승용차,보행자,보행자,1084118,1796042,128.435175,36.15780862
2017,2017-05-27,5,야간,토,1,1,0,0,0,경기,평택시,차대사람,횡단중,횡단중,운전자법규위반,안전운전 의무 불이행,단일로,기타단일로,승용차,승용차,보행자,보행자,947872,1888466,126.9141894,36.99322381
2017,2017-05-28,23,야간,일,1,1,0,0,0,광주,북구,차대사람,횡단중,횡단중,운전자법규위반,신호위반,교차로,교차로내,승용차,승용차,보행자,보행자,945809,1684807,126.9050013,35.1570541
2017,2017-05-28,30,주간,일,1,2,1,0,0,경북,예천군,차량단독,전도,전도,운전자법규위반,안전운전 의무 불이행,단일로,기타단일로,농기계,농기계,없음,없음,1095740,1851905,128.5712544,36.66026547
2017,2017-05-28,14,주간,일,1,1,0,0,0,전북,부안군,차량단독,도로이탈,도로이탈 추락,운전자법규위반,안전운전 의무 불이행,교차로,교차로부근,화물차,화물차,없음,없음,926788,1744642,126.6907951,35.69531555
2017,2017-05-28,25,주간,일,1,1,0,0,0,충남,보령시,차대사람,기타,기타,운전자법규위반,안전운전 의무 불이행,단일로,기타단일로,승용차,승용차,보행자,보행자,926520,1810871,126.6816891,36.29235256
2017,2017-05-28,7,야간,일,1,1,0,0,0,서울,광진구,차대차,기타,기타,운전자법규위반,안전운전 의무 불이행,단일로,기타단일로,이륜차,이륜차,승용차,승용차,962607,1951094,127.0747052,37.55926633
2017,2017-05-28,25,야간,일,1,1,0,0,0,경기,평택시,차대차,정면충돌,정면충돌,운전자법규위반,신호위반,교차로,교차로내,승합차,승합차,이륜차,이륜차,949850,1887134,126.9365056,36.98132476
2017,2017-05-28,25,야간,일,1,2,0,1,0,전북,전주시,차대차,정면충돌,정면충돌,운전자법규위반,신호위반,교차로,교차로내,화물차,화물차,이륜차,이륜차,964434,1757534,127.1059808,35.81357214
2017,2017-05-28,25,야간,일,1,2,1,0,0,경북,군위군,차대차,정면충돌,정면충돌,운전자법규위반,신호위반,교차로,교차로내,승용차,승용차,승합차,승합차,1096784,1791647,128.5745536,36.11279774
2017,2017-05-29,32,주간,월,1,1,0,0,0,광주,북구,차대사람,횡단중,횡단중,운전자법규위반,안전운전 의무 불이행,단일로,기타단일로,화물차,화물차,보행자,보행자,946669,1686403,126.9143402,35.1714908
2017,2017-05-29,10,주간,월,1,1,0,0,0,서울,성북구,차대사람,횡단중,횡단중,운전자법규위반,안전운전 의무 불이행,단일로,기타단일로,화물차,화물차,보행자,보행자,957945,1956683,127.0235217,37.60861334
2017,2017-05-29,5,주간,월,1,1,0,0,0,부산,기장군,차대사람,기타,기타,운전자법규위반,안전운전 의무 불이행,단일로,기타단일로,화물차,화물차,보행자,보행자,1159705,1702592,129.2566084,35.30614262
2017,2017-05-29,20,주간,월,1,1,0,0,0,경남,함안군,차대사람,기타,기타,운전자법규위반,안전운전 의무 불이행,단일로,기타단일로,화물차,화물차,보행자,보행자,1076902,1704675,128.3461963,35.33470472
2017,2017-05-29,10,주간,월,1,1,0,0,0,충남,공주시,차대사람,횡단중,횡단중,운전자법규위반,안전운전 의무 불이행,기타,기타,승용차,승용차,보행자,보행자,966200,1829248,127.122773,36.4602322
2017,2017-05-29,50,주간,월,1,1,0,0,0,경기,가평군,차량단독,전도전복,전도전복,운전자법규위반,안전운전 의무 불이행,단일로,기타단일로,화물차,화물차,없음,없음,981026,1976191,127.2845157,37.7852109
2017,2017-05-29,55,주간,월,1,1,0,0,0,경북,상주시,차대사람,차도통행중,차도통행중,운전자법규위반,안전운전 의무 불이행,교차로,교차로내,화물차,화물차,보행자,보행자,1060591,1833757,128.1765682,36.49955954
2017,2017-05-29,0,야간,월,1,1,0,0,0,충남,천안시,차대사람,횡단중,횡단중,운전자법규위반,안전운전 의무 불이행,교차로,교차로내,승용차,승용차,보행자,보행자,969567,1867283,127.1588419,36.80322409
2017,2017-05-30,5,야간,화,1,1,0,0,0,경기,여주시,차대사람,횡단중,횡단중,운전자법규위반,보행자 보호의무 위반,교차로,교차로횡단보도내,승용차,승용차,보행자,보행자,1012203,1919816,127.6376505,37.27718516
2017,2017-05-30,5,야간,화,1,2,1,0,0,대구,동구,차대차,측면충돌,측면충돌,운전자법규위반,부당한 회전,교차로,교차로내,자전거,자전거,승용차,승용차,1101718,1763976,128.6266889,35.8670724
2017,2017-05-30,10,야간,화,1,2,0,1,0,경북,청도군,차량단독,전도,전도,운전자법규위반,안전운전 의무 불이행,단일로,기타단일로,승용차,승용차,없음,없음,1100039,1740613,128.6051773,35.6566369
2017,2017-05-30,0,주간,화,1,1,0,0,0,경남,의령군,차량단독,도로이탈,도로이탈 추락,운전자법규위반,안전운전 의무 불이행,단일로,기타단일로,화물차,화물차,없음,없음,1079059,1718320,128.371251,35.45755695
2017,2017-05-30,20,주간,화,1,1,0,0,0,경남,김해시,차대차,추돌,추돌,운전자법규위반,안전운전 의무 불이행,단일로,기타단일로,화물차,화물차,승용차,승용차,1121760,1698035,128.8387098,35.27038638
2017,2017-05-30,10,주간,화,1,1,0,0,0,경북,영천시,차대차,측면충돌,측면충돌,운전자법규위반,신호위반,교차로,교차로내,화물차,화물차,화물차,화물차,1117301,1781378,128.8018288,36.02218624
2017,2017-05-30,15,주간,화,1,4,2,1,0,충남,당진시,차대차,추돌,추돌,운전자법규위반,안전거리 미확보,단일로,기타단일로,화물차,화물차,승용차,승용차,932959,1886783,126.7467595,36.97710848
2017,2017-05-30,5,주간,화,1,1,0,0,0,전북,정읍시,차대차,정면충돌,정면충돌,운전자법규위반,안전운전 의무 불이행,단일로,기타단일로,화물차,화물차,이륜차,이륜차,936777,1741487,126.8014426,35.6675624
2017,2017-05-30,10,야간,화,1,1,0,0,0,강원,춘천시,차대사람,차도통행중,차도통행중,운전자법규위반,안전운전 의무 불이행,단일로,기타단일로,화물차,화물차,보행자,보행자,1020258,1994604,127.7305829,37.95114024
2017,2017-05-30,30,야간,화,1,3,2,0,0,경기,용인시,차대차,기타,기타,운전자법규위반,과속,단일로,기타단일로,승용차,승용차,승용차,승용차,964874,1925168,127.1036629,37.3179738
2017,2017-05-31,50,야간,수,1,1,0,0,0,전남,함평군,차대사람,기타,기타,운전자법규위반,안전운전 의무 불이행,단일로,기타단일로,화물차,화물차,보행자,보행자,912518,1670559,126.5410196,35.02624734
2017,2017-05-31,16,야간,수,1,1,0,0,0,인천,남구,차대사람,횡단중,횡단중,운전자법규위반,안전운전 의무 불이행,교차로,교차로내,승용차,승용차,보행자,보행자,927313,1940861,126.6780573,37.46410328
2017,2017-05-31,58,주간,수,1,1,0,0,0,서울,양천구,차대사람,기타,기타,운전자법규위반,안전운전 의무 불이행,교차로,교차로내,승합차,승합차,보행자,보행자,943039,1946237,126.8554585,37.51366086
2017,2017-05-31,34,주간,수,1,1,0,0,0,경기,시흥시,차대사람,횡단중,횡단중,운전자법규위반,안전운전 의무 불이행,교차로,교차로내,화물차,화물차,보행자,보행자,933202,1926836,126.7459122,37.3381399
2017,2017-05-31,8,주간,수,1,1,0,0,0,경기,이천시,차대차,기타,기타,운전자법규위반,안전운전 의무 불이행,교차로,교차로내,화물차,화물차,이륜차,이륜차,988266,1914282,127.3677271,37.2273076
2017,2017-05-31,15,주간,수,1,1,0,0,0,경기,용인시,차대차,측면충돌,측면충돌,운전자법규위반,신호위반,교차로,교차로내,이륜차,이륜차,화물차,화물차,975108,1917075,127.2193098,37.25222505
2017,2017-05-31,15,주간,수,1,1,0,0,0,전남,보성군,차대사람,차도통행중,차도통행중,운전자법규위반,안전운전 의무 불이행,단일로,기타단일로,농기계,농기계,보행자,보행자,983220,1651665,127.3162221,34.85980472
2017,2017-05-31,40,주간,수,1,1,0,0,0,강원,춘천시,차대차,측면충돌,측면충돌,운전자법규위반,교차로 통행방법 위반,교차로,교차로내,이륜차,이륜차,화물차,화물차,1023043,1987354,127.7620504,37.8857301
2017,2017-05-31,33,야간,수,1,6,4,1,0,광주,광산구,차대사람,기타,기타,운전자법규위반,기타(운전자법규위반),단일로,기타단일로,승용차,승용차,보행자,보행자,937052,1686061,126.8087836,35.16783622
2017,2017-05-31,40,야간,수,1,2,0,1,0,전남,강진군,차대사람,기타,기타,운전자법규위반,안전운전 의무 불이행,교차로,교차로부근,화물차,화물차,보행자,보행자,938769,1617864,126.8392854,34.55701831
2017,2017-06-01,25,야간,목,1,1,0,0,0,경남,창원시(통합),차대차,기타,기타,운전자법규위반,안전운전 의무 불이행,교차로,교차로부근,자전거,자전거,화물차,화물차,1106039,1695144,128.6655237,35.24611248
2017,2017-06-01,46,주간,목,1,3,1,1,0,경기,이천시,차대차,정면충돌,정면충돌,운전자법규위반,안전운전 의무 불이행,교차로,교차로부근,화물차,화물차,화물차,화물차,990495,1912862,127.3928718,37.21453301
2017,2017-06-01,43,주간,목,1,1,0,0,0,경북,구미시,차량단독,전도,전도,운전자법규위반,안전운전 의무 불이행,단일로,기타단일로,자전거,자전거,없음,없음,1077297,1790903,128.3588461,36.11205014
2017,2017-06-01,5,주간,목,1,1,0,0,0,경남,양산시,차량단독,전도전복,전도전복,운전자법규위반,안전운전 의무 불이행,단일로,기타단일로,승용차,승용차,없음,없음,1144952,1704810,129.094815,35.32836322
2017,2017-06-01,10,주간,목,1,2,1,0,0,대구,북구,차대차,측면충돌,측면충돌,운전자법규위반,신호위반,교차로,교차로내,승용차,승용차,이륜차,이륜차,1096159,1772138,128.5661104,35.9412106
2017,2017-06-01,5,주간,목,1,1,0,0,0,전북,전주시,차대사람,횡단중,횡단중,운전자법규위반,안전운전 의무 불이행,단일로,기타단일로,승용차,승용차,보행자,보행자,967773,1759488,127.1431881,35.83136181
2017,2017-06-01,5,야간,목,1,3,0,2,0,전북,완주군,차대차,추돌,추돌,운전자법규위반,과속,단일로,기타단일로,화물차,화물차,건설기계,건설기계,965268,1743443,127.11659,35.68664946
2017,2017-06-01,30,야간,목,1,1,0,0,0,전남,보성군,차대사람,기타,기타,운전자법규위반,안전운전 의무 불이행,단일로,기타단일로,승용차,승용차,보행자,보행자,953936,1952044,127.3440438,34.83371492
2017,2017-06-01,50,야간,목,1,2,1,0,0,충남,천안시,차대차,측면충돌,측면충돌,운전자법규위반,중앙선 침범,단일로,기타단일로,승용차,승용차,승용차,승용차,979810,1861860,127.27381,36.75461134
2017,2017-06-01,30,야간,목,1,1,0,0,0,경북,영천시,차량단독,전도,전도,운전자법규위반,안전운전 의무 불이행,교차로,교차로부근,원동기장치자전거,원동기장치자전거,없음,없음,1128831,1774742,128.9286776,35.96091786
2017,2017-06-01,55,야간,목,1,1,0,0,0,서울,동작구,차대사람,횡단중,횡단중,운전자법규위반,안전운전 의무 불이행,단일로,기타단일로,승합차,승합차,보행자,보행자,947346,1943191,126.9044099,37.4864626
2017,2017-06-02,45,야간,금,1,2,1,0,0,서울,용산구,차대사람,차도통행중,차도통행중,운전자법규위반,과속,단일로,기타단일로,승용차,승용차,보행자,보행자,952405,1947061,126.9616659,37.52153781
2017,2017-06-02,57,주간,금,1,1,0,0,0,경북,상주시,차대사람,횡단중,횡단중,운전자법규위반,안전운전 의무 불이행,교차로,교차로내,화물차,화물차,보행자,보행자,1058339,1824841,128.1509463,36.41966893
2017,2017-06-02,0,주간,금,1,2,0,1,0,강원,춘천시,차대사람,횡단중,횡단중,운전자법규위반,안전운전 의무 불이행,단일로,기타단일로,승용차,승용차,보행자,보행자,1019763,1985632,127.7247026,37.8702868
2017,2017-06-02,35,주간,금,1,1,0,0,0,강원,삼척시,차량단독,전도,전도,운전자법규위반,안전운전 의무 불이행,단일로,기타단일로,화물차,화물차,없음,없음,1158005,1924675,129.2829464,37.3076305
2017,2017-06-02,5,주간,금,1,1,0,0,0,경북,청도군,차량단독,전도,전도,운전자법규위반,안전운전 의무 불이행,단일로,기타단일로,건설기계,건설기계,없음,없음,1096710,1746896,128.5691616,35.71360903
2017,2017-06-02,5,야간,금,1,1,0,0,0,경남,창원시(통합),차대차,기타,기타,운전자법규위반,중앙선 침범,교차로,교차로내,자전거,자전거,승용차,승용차,1103103,1694319,128.633155,35.23898132
2017,2017-06-02,52,야간,금,1,3,0,2,0,제주,제주시,차대차,정면충돌,정면충돌,운전자법규위반,중앙선 침범,단일로,기타단일로,화물차,화물차,승용차,승용차,886686,1481129,126.2826768,33.31566783
2017,2017-06-03,35,야간,토,1,1,0,0,0,울산,울주군,차대사람,횡단중,횡단중,운전자법규위반,안전운전 의무 불이행,교차로,교차로부근,화물차,화물차,보행자,보행자,1164095,1716888,129.3077727,35.43425358