발생년,발생년월일시분,발생분,주야,요일,사망자수,사상자수,중상자수,경상자수,부상신고자수,발생지시도,발생지시군구,사고유형_대분류,사고유형_중분류,사고유형,법규위반_대분류,법규위반,도로형태_대분류,도로형태,당사자종별_1당_대분류,당사자종별_1당,당사자종별_2당_대분류,당사자종별_2당,발생위치X_UTMK,발생위치Y_UTMK,경도,위도
2017,2017-06-15,30,야간,목,1,1,0,0,0,충북,청주시,차대사람,횡단중,횡단중,운전자법규위반,안전운전 의무 불이행,교차로,교차로내,승용차,승용차,보행자,보행자,999041,1849986,127.4892711,36.64778311
2017,2017-06-15,45,주간,목,1,1,0,0,0,광주,북구,차대사람,횡단중,횡단중,운전자법규위반,보행자 보호의무 위반,단일로,기타단일로,승용차,승용차,보행자,보행자,946424,1687897,126.9115528,35.18494871
2017,2017-06-15,55,주간,목,1,1,0,0,0,경기,가평군,차대사람,횡단중,횡단중,운전자법규위반,신호위반,교차로,교차로내,화물차,화물차,보행자,보행자,1000568,1982319,127.5064555,37.84064057
2017,2017-06-15,57,주간,목,1,1,0,0,0,전남,진도군,차대차,측면충돌,측면충돌,운전자법규위반,안전운전 의무 불이행,단일로,기타단일로,사륜오토바이(ATV),사륜오토바이(ATV),승용차,승용차,882175,1606167,126.2175095,34.44267477
2017,2017-06-15,20,주간,목,1,1,0,0,0,충북,청주시,차대사람,횡단중,횡단중,운전자법규위반,안전운전 의무 불이행,교차로,교차로부근,승합차,승합차,보행자,보행자,988948,1851819,127.3763285,36.66424379
2017,2017-06-15,25,주간,목,1,1,0,0,0,서울,금천구,차대사람,보도통행중,보도통행중,운전자법규위반,기타(운전자법규위반),단일로,기타단일로,승합차,승합차,보행자,보행자,947218,1937937,126.9023081,37.43946592
2017,2017-06-15,5,주간,목,1,1,0,0,0,충남,천안시,차대사람,횡단중,횡단중,운전자법규위반,안전운전 의무 불이행,교차로,교차로내,승합차,승합차,보행자,보행자,968739,1866967,127.149573,36.8003485
2017,2017-06-15,10,주간,목,1,10,2,7,0,대전,유성구,차대차,추돌,추돌,운전자법규위반,안전운전 의무 불이행,단일로,기타단일로,화물차,화물차,화물차,화물차,984343,1821655,127.3254111,36.39224754
2017,2017-06-15,30,야간,목,1,1,0,0,0,충북,제천시,차대사람,기타,기타,운전자법규위반,안전운전 의무 불이행,교차로,교차로내,승용차,승용차,보행자,보행자,1059019,1903674,128.1644411,37.1298972
2017,2017-06-15,31,야간,목,1,1,0,0,0,경북,청도군,차대사람,횡단중,횡단중,운전자법규위반,안전운전 의무 불이행,단일로,기타단일로,화물차,화물차,보행자,보행자,1101221,1738966,128.6180263,35.64166907
2017,2017-06-15,30,야간,목,1,1,0,0,0,전북,남원시,차량단독,전도전복,전도전복,운전자법규위반,안전운전 의무 불이행,단일로,기타단일로,이륜차,이륜차,없음,없음,989227,1711915,127.3813574,35.40289033
2017,2017-06-15,5,야간,목,1,3,2,0,0,대구,달서구,차대차,추돌,추돌,운전자법규위반,안전운전 의무 불이행,단일로,기타단일로,승용차,승용차,화물차,화물차,1091783,1759179,128.5161075,35.82481024
2017,2017-06-15,23,야간,목,1,1,0,0,0,충남,예산군,차대사람,기타,기타,운전자법규위반,안전운전 의무 불이행,단일로,기타단일로,승용차,승용차,보행자,보행자,931036,1854607,126.7280751,36.68693943
2017,2017-06-15,20,야간,목,1,1,0,0,0,충남,홍성군,차량단독,전도전복,전도전복,운전자법규위반,안전운전 의무 불이행,단일로,기타단일로,자전거,자전거,없음,없음,929778,1851819,126.7142509,36.66171608
2017,2017-06-16,52,야간,금,1,1,0,0,0,서울,구로구,차대사람,기타,기타,운전자법규위반,안전운전 의무 불이행,단일로,기타단일로,승용차,승용차,보행자,보행자,943326,1945405,126.8587701,37.50617965
2017,2017-06-16,19,야간,금,2,9,3,3,1,경기,성남시,차대차,추돌,추돌,운전자법규위반,과속,단일로,기타단일로,승용차,승용차,승용차,승용차,968209,1940478,127.140511,37.46296287
2017,2017-06-16,35,야간,금,1,1,0,0,0,부산,사상구,차대사람,횡단중,횡단중,운전자법규위반,안전운전 의무 불이행,단일로,기타단일로,승용차,승용차,보행자,보행자,1135134,1686419,128.9838034,35.16396265
2017,2017-06-16,17,야간,금,1,2,0,1,0,경기,부천시,차대사람,기타,기타,운전자법규위반,과속,단일로,기타단일로,승용차,승용차,보행자,보행자,938863,1944201,126.8083774,37.49504309
2017,2017-06-16,55,주간,금,1,1,0,0,0,전북,익산시,차량단독,전도전복,전도전복,운전자법규위반,안전운전 의무 불이행,단일로,기타단일로,승용차,승용차,없음,없음,951463,1771220,126.9615549,35.93662505
2017,2017-06-16,35,주간,금,1,1,0,0,0,대전,서구,차대차,측면충돌,측면충돌,운전자법규위반,신호위반,교차로,교차로내,승용차,승용차,원동기장치자전거,원동기장치자전거,985159,1811298,127.3347076,36.29888815
2017,2017-06-16,30,주간,금,1,1,0,0,0,경북,포항시,차대사람,차도통행중,차도통행중,운전자법규위반,과속,단일로,기타단일로,승용차,승용차,보행자,보행자,1169369,1783717,129.3799536,36.03560025
2017,2017-06-16,20,주간,금,1,3,2,0,0,전남,영암군,차대차,추돌,추돌,운전자법규위반,안전운전 의무 불이행,단일로,기타단일로,화물차,화물차,승합차,승합차,898309,1638614,126.3894076,34.73604706
2017,2017-06-16,15,주간,금,1,1,0,0,0,경북,봉화군,차대차,기타,기타,운전자법규위반,안전운전 의무 불이행,교차로,교차로부근,농기계,농기계,화물차,화물차,1117287,1876890,128.8161399,36.88302816
2017,2017-06-16,0,주간,금,1,1,0,0,0,경기,고양시,차대사람,횡단중,횡단중,운전자법규위반,보행자 보호의무 위반,단일로,기타단일로,승용차,승용차,보행자,보행자,947182,1968836,126.9007036,37.71759207
2017,2017-06-16,25,주간,금,1,1,0,0,0,인천,계양구,차대차,측면충돌,측면충돌,운전자법규위반,중앙선 침범,교차로,교차로부근,자전거,자전거,승용차,승용차,933381,1951082,126.7457419,37.55668114
2017,2017-06-16,53,주간,금,1,1,0,0,0,서울,용산구,차대사람,기타,기타,운전자법규위반,안전운전 의무 불이행,단일로,기타단일로,승용차,승용차,보행자,보행자,956427,1947971,127.0068415,37.53001942
2017,2017-06-16,45,주간,금,1,2,0,1,0,대구,수성구,차대차,측면충돌,측면충돌,운전자법규위반,중앙선 침범,단일로,기타단일로,이륜차,이륜차,승용차,승용차,1101015,1757783,128.6181196,35.8113186
2017,2017-06-16,37,주간,금,1,1,0,0,0,경기,부천시,차대사람,횡단중,횡단중,운전자법규위반,보행자 보호의무 위반,교차로,교차로내,승합차,승합차,보행자,보행자,935445,1945953,126.7695597,37.51060105
2017,2017-06-16,30,주간,금,1,1,0,0,0,광주,서구,차대사람,횡단중,횡단중,운전자법규위반,안전운전 의무 불이행,교차로,교차로부근,화물차,화물차,보행자,보행자,941136,1685803,126.8534804,35.16574582
2017,2017-06-16,40,야간,금,1,1,0,0,0,충남,당진시,차대사람,횡단중,횡단중,운전자법규위반,안전운전 의무 불이행,단일로,기타단일로,화물차,화물차,보행자,보행자,918767,1880564,126.5879903,36.91993572
2017,2017-06-17,0,야간,토,1,2,1,0,0,서울,도봉구,차대차,기타,기타,운전자법규위반,안전운전 의무 불이행,단일로,지하차도(도로)내,이륜차,이륜차,승용차,승용차,960377,1960790,127.0508525,37.64573856
2017,2017-06-17,30,주간,토,1,1,0,0,0,경북,청도군,차량단독,기타,기타,운전자법규위반,안전운전 의무 불이행,단일로,기타단일로,농기계,농기계,없음,없음,1111319,1742800,128.7300707,35.67514337
2017,2017-06-17,55,주간,토,1,1,0,0,0,서울,강서구,차대차,측면충돌,측면충돌,운전자법규위반,부당한 회전,단일로,기타단일로,자전거,자전거,승합차,승합차,939664,1952626,126.8167459,37.5710301
2017,2017-06-17,30,주간,토,1,1,0,0,0,경북,영주시,차량단독,전도전복,전도전복,운전자법규위반,안전운전 의무 불이행,단일로,기타단일로,이륜차,이륜차,없음,없음,1101622,1865874,128.6389155,36.78555894
2017,2017-06-17,0,주간,토,1,1,0,0,0,전북,전주시,차대사람,보도통행중,보도통행중,운전자법규위반,보행자 보호의무 위반,교차로,교차로횡단보도내,승용차,승용차,보행자,보행자,964984,1759959,127.1122887,35.8355127
2017,2017-06-17,0,야간,토,1,2,0,1,0,충북,청주시,차대차,정면충돌,정면충돌,운전자법규위반,신호위반,교차로,교차로내,이륜차,이륜차,승용차,승용차,999457,1847485,127.4939269,36.62523697
2017,2017-06-17,30,야간,토,1,2,0,1,0,광주,북구,차대차,추돌,추돌,운전자법규위반,안전운전 의무 불이행,교차로,교차로부근,승용차,승용차,승합차,승합차,944841,1693600,126.8937848,35.23628478
2017,2017-06-18,22,야간,일,1,1,0,0,0,서울,마포구,차대사람,차도통행중,차도통행중,운전자법규위반,안전운전 의무 불이행,단일로,기타단일로,승용차,승용차,보행자,보행자,946211,1951382,126.8909723,37.56022366
2017,2017-06-18,25,야간,일,1,3,2,0,0,전남,영광군,차량단독,공작물충돌,공작물충돌,운전자법규위반,안전운전 의무 불이행,단일로,기타단일로,승용차,승용차,없음,없음,903889,1710389,126.4417931,35.38455441
2017,2017-06-18,30,야간,일,1,3,2,0,0,서울,영등포구,차대차,정면충돌,정면충돌,운전자법규위반,중앙선 침범,단일로,기타단일로,승용차,승용차,승용차,승용차,947537,1948280,126.9062071,37.53234148
2017,2017-06-18,4,주간,일,1,2,0,1,0,경북,포항시,차대차,측면충돌,측면충돌,운전자법규위반,신호위반,교차로,교차로내,승용차,승용차,원동기장치자전거,원동기장치자전거,1169245,1787803,129.3794534,36.07244077
2017,2017-06-18,35,주간,일,1,1,0,0,0,경북,청도군,차대사람,길가장자리구역통행중,길가장자리구역통행중,운전자법규위반,안전운전 의무 불이행,단일로,기타단일로,화물차,화물차,보행자,보행자,1135555,1761087,129.0008956,35.83693474
2017,2017-06-18,10,주간,일,1,1,0,0,0,강원,인제군,차량단독,전도,전도,운전자법규위반,안전운전 의무 불이행,단일로,기타단일로,이륜차,이륜차,없음,없음,1077439,2025056,128.3846912,38.22248893
2017,2017-06-18,48,주간,일,1,1,0,0,0,충북,청주시,차대차,측면충돌,측면충돌,운전자법규위반,안전운전 의무 불이행,단일로,기타단일로,이륜차,이륜차,승용차,승용차,1003715,1837737,127.5415027,36.53735104
2017,2017-06-18,18,야간,일,1,1,0,0,0,경북,청도군,차대사람,횡단중,횡단중,운전자법규위반,보행자 보호의무 위반,교차로,교차로내,승용차,승용차,보행자,보행자,1111553,1740030,128.7322721,35.65014715
2017,2017-06-19,15,야간,월,1,1,0,0,0,전북,전주시,차대사람,기타,기타,운전자법규위반,안전운전 의무 불이행,교차로,교차로부근,승용차,승용차,보행자,보행자,965976,1756631,127.1234141,35.80554232
2017,2017-06-19,0,야간,월,1,1,0,0,0,경기,성남시,차대차,기타,기타,운전자법규위반,중앙선 침범,단일로,기타단일로,승합차,승합차,승용차,승용차,969745,1937412,127.1580055,37.43537878
2017,2017-06-19,34,야간,월,1,1,0,0,0,부산,사하구,차량단독,기타,기타,운전자법규위반,안전운전 의무 불이행,단일로,기타단일로,이륜차,이륜차,없음,없음,1134833,1673624,128.9773482,35.06207408
2017,2017-06-19,4,주간,월,1,1,0,0,0,광주,광산구,차대차,측면충돌,측면충돌,운전자법규위반,신호위반,교차로,교차로내,화물차,화물차,자전거,자전거,935838,1682195,126.7956847,35.13290201
2017,2017-06-19,20,주간,월,1,1,0,0,0,전남,장성군,차량단독,공작물충돌,공작물충돌,운전자법규위반,안전운전 의무 불이행,단일로,기타단일로,승용차,승용차,없음,없음,930124,1695032,126.7320049,35.24826222
2017,2017-06-19,14,주간,월,1,1,0,0,0,충남,아산시,차량단독,전도,전도,운전자법규위반,안전운전 의무 불이행,단일로,기타단일로,사륜오토바이(ATV),사륜오토바이(ATV),없음,없음,950621,1867960,126.946418,36.80852793
2017,2017-06-19,50,주간,월,1,1,0,0,0,경북,구미시,차대차,측면충돌,측면충돌,운전자법규위반,과속,단일로,기타단일로,승합차,승합차,자전거,자전거,1076283,1806019,128.3490499,36.2483963
2017,2017-06-19,10,주간,월,1,1,0,0,0,경북,경산시,차량단독,도로이탈,도로이탈 추락,운전자법규위반,안전운전 의무 불이행,단일로,기타단일로,원동기장치자전거,원동기장치자전거,없음,없음,1111916,1751495,128.7378778,35.75345483
2017,2017-06-19,50,야간,월,1,1,0,0,0,경기,여주시,차량단독,전도전복,전도전복,운전자법규위반,안전운전 의무 불이행,단일로,기타단일로,화물차,화물차,없음,없음,1021599,1919439,127.7436262,37.27361622
2017,2017-06-19,55,야간,월,1,1,0,0,0,경북,영덕군,차대사람,횡단중,횡단중,운전자법규위반,안전운전 의무 불이행,단일로,기타단일로,승용차,승용차,보행자,보행자,1168829,1818201,129.3815947,36.34553403
2017,2017-06-19,20,야간,월,1,3,2,0,0,대구,달서구,차량단독,공작물충돌,공작물충돌,운전자법규위반,안전운전 의무 불이행,기타,기타,승용차,승용차,없음,없음,1093027,1762246,128.530235,35.85234119
2017,2017-06-20,19,야간,화,1,1,0,0,0,대구,서구,차대사람,횡단중,횡단중,운전자법규위반,기타(운전자법규위반),교차로,교차로내,승용차,승용차,보행자,보행자,1095325,1764744,128.5559792,35.87463881
2017,2017-06-20,40,주간,화,1,1,0,0,0,제주,제주시,차대차,측면충돌,측면충돌,운전자법규위반,안전운전 의무 불이행,교차로,교차로내,농기계,농기계,승용차,승용차,929429,1507089,126.7397768,33.5534504
2017,2017-06-20,40,주간,화,1,2,1,0,0,서울,송파구,차대차,측면충돌,측면충돌,운전자법규위반,안전운전 의무 불이행,교차로,교차로횡단보도내,승합차,승합차,자전거,자전거,965808,1944341,127.1131819,37.49769627
2017,2017-06-20,55,주간,화,1,1,0,0,0,강원,강릉시,차대사람,기타,기타,운전자법규위반,안전운전 의무 불이행,교차로,교차로내,화물차,화물차,보행자,보행자,1123461,1972933,128.9014138,37.74766803
2017,2017-06-20,45,주간,화,1,1,0,0,0,경남,양산시,차대차,측면충돌,측면충돌,운전자법규위반,부당한 회전,교차로,교차로횡단보도내,이륜차,이륜차,화물차,화물차,1136489,1701207,129.001131,35.29707855
2017,2017-06-20,40,주간,화,1,1,0,0,0,강원,삼척시,차량단독,공작물충돌,공작물충돌,운전자법규위반,안전운전 의무 불이행,단일로,기타단일로,승용차,승용차,없음,없음,1152956,1931798,129.2274667,37.37265189
2017,2017-06-20,58,주간,화,1,1,0,0,0,경남,합천군,차량단독,전도전복,전도전복,운전자법규위반,안전운전 의무 불이행,단일로,기타단일로,이륜차,이륜차,없음,없음,1058185,1730264,128.142086,35.56668644
2017,2017-06-20,53,주간,화,1,1,0,0,0,서울,용산구,차대사람,횡단중,횡단중,운전자법규위반,안전운전 의무 불이행,단일로,기타단일로,승용차,승용차,보행자,보행자,952936,1947426,126.9673669,37.52493562
2017,2017-06-20,20,주간,화,1,2,1,0,0,부산,남구,차대차,기타,기타,운전자법규위반,안전운전 의무 불이행,단일로,기타단일로,이륜차,이륜차,승용차,승용차,1145882,1683032,129.1011812,35.13193054
2017,2017-06-20,25,야간,화,1,1,0,0,0,경북,상주시,차대차,측면충돌,측면충돌,운전자법규위반,안전운전 의무 불이행,단일로,기타단일로,화물차,화물차,자전거,자전거,1055465,1820441,128.1183805,36.37982994
2017,2017-06-20,30,야간,화,1,1,0,0,0,경북,경산시,차대사람,차도통행중,차도통행중,운전자법규위반,안전운전 의무 불이행,단일로,기타단일로,승용차,승용차,보행자,보행자,1119418,1769011,128.8234562,35.91045798
2017,2017-06-20,30,야간,화,1,1,0,0,0,충북,청주시,차대사람,기타,기타,운전자법규위반,안전운전 의무 불이행,단일로,기타단일로,승용차,승용차,보행자,보행자,989391,1848163,127.3813362,36.6312902
2017,2017-06-21,30,야간,수,1,1,0,0,0,경기,화성시,차량단독,전도전복,전도전복,운전자법규위반,안전운전 의무 불이행,단일로,기타단일로,승용차,승용차,없음,없음,947929,1897303,126.9142185,37.07288287
2017,2017-06-21,40,야간,수,1,1,0,0,0,서울,광진구,차대사람,횡단중,횡단중,운전자법규위반,안전운전 의무 불이행,단일로,기타단일로,승용차,승용차,보행자,보행자,962289,1949613,127.0731013,37.54507777
2017,2017-06-21,5,야간,수,1,1,0,0,0,서울,서초구,차대사람,횡단중,횡단중,운전자법규위반,안전운전 의무 불이행,단일로,기타단일로,승용차,승용차,보행자,보행자,957862,1945076,127.0232483,37.50399254
2017,2017-06-21,5,주간,수,1,1,0,0,0,충북,제천시,차량단독,전도전복,전도전복,운전자법규위반,안전운전 의무 불이행,단일로,기타단일로,화물차,화물차,없음,없음,1063616,1897512,128.2156683,37.07405423
2017,2017-06-21,2,주간,수,1,1,0,0,0,전북,정읍시,차대차,측면충돌,측면충돌,운전자법규위반,직진 및 우회전차의 통행방해,교차로,교차로내,사륜오토바이(ATV),사륜오토바이(ATV),승용차,승용차,949955,1744551,126.9468502,35.69594408
2017,2017-06-21,55,야간,수,1,1,0,0,0,서울,중구,차대차,추돌,추돌,운전자법규위반,안전운전 의무 불이행,단일로,기타단일로,이륜차,이륜차,화물차,화물차,957011,1951843,127.0132241,37.56494621
2017,2017-06-21,33,야간,수,1,1,0,0,0,경북,경산시,차대사람,길가장자리구역통행중,길가장자리구역통행중,운전자법규위반,안전운전 의무 불이행,단일로,교량위,승용차,승용차,보행자,보행자,1119597,1769461,128.8255072,35.91449224
2017,2017-06-22,15,주간,목,1,1,0,0,0,제주,서귀포시,차대차,측면충돌,측면충돌,운전자법규위반,교차로 통행방법 위반,교차로,교차로내,화물차,화물차,이륜차,이륜차,912706,1473963,126.5628612,33.25346381
2017,2017-06-22,20,주간,목,1,1,0,0,0,경남,함안군,차대차,측면충돌,측면충돌,운전자법규위반,직진 및 우회전차의 통행방해,교차로,교차로내,이륜차,이륜차,승용차,승용차,1083045,1706269,128.4139456,35.34858387
2017,2017-06-22,15,주간,목,1,1,0,0,0,경북,의성군,차대차,추돌,추돌,운전자법규위반,안전운전 의무 불이행,기타,기타,화물차,화물차,농기계,농기계,1106621,1816132,128.6880451,36.33667766
2017,2017-06-22,5,주간,목,1,1,0,0,0,경남,김해시,차대차,측면충돌,측면충돌,운전자법규위반,부당한 회전,교차로,교차로내,이륜차,이륜차,건설기계,건설기계,1122693,1692591,128.8481526,35.22119713
2017,2017-06-22,45,주간,목,1,1,0,0,0,전북,남원시,차대차,측면충돌,측면충돌,운전자법규위반,교차로 통행방법 위반,교차로,교차로부근,이륜차,이륜차,화물차,화물차,974940,1709537,127.2240895,35.38119148
2017,2017-06-22,40,주간,목,1,1,0,0,0,경기,평택시,차대사람,기타,기타,운전자법규위반,안전운전 의무 불이행,교차로,교차로부근,건설기계,건설기계,보행자,보행자,964623,1894550,127.1021449,37.0488458
2017,2017-06-22,52,주간,목,1,1,0,0,0,서울,송파구,차대차,정면충돌,정면충돌,운전자법규위반,신호위반,교차로,교차로내,승용차,승용차,이륜차,이륜차,967141,1944824,127.1282404,37.5020982
2017,2017-06-22,10,야간,목,1,1,0,0,0,경기,광명시,차대사람,횡단중,횡단중,운전자법규위반,안전운전 의무 불이행,단일로,기타단일로,화물차,화물차,보행자,보행자,945925,1939433,126.8886132,37.45250888
2017,2017-06-22,25,야간,목,1,1,0,0,0,부산,부산진구,차대사람,횡단중,횡단중,운전자법규위반,보행자 보호의무 위반,교차로,교차로내,승합차,승합차,보행자,보행자,1142004,1685218,129.0590068,35.15218971
2017,2017-06-22,20,야간,목,1,1,0,0,0,경북,구미시,차대차,측면충돌,측면충돌,운전자법규위반,신호위반,교차로,교차로부근,이륜차,이륜차,승용차,승용차,1076365,1794864,128.3488761,36.14783137
2017,2017-06-22,5,야간,목,1,2,0,1,0,경기,이천시,차대차,추돌,추돌,운전자법규위반,안전운전 의무 불이행,단일로,기타단일로,승용차,승용차,불명,불명,998175,1920718,127.4794117,37.28539403
2017,2017-06-22,47,야간,목,1,4,0,0,3,서울,용산구,차대사람,차도통행중,차도통행중,운전자법규위반,안전운전 의무 불이행,단일로,기타단일로,승용차,승용차,보행자,보행자,951811,1947377,126.9546387,37.52443586
2017,2017-06-23,20,야간,금,1,1,0,0,0,강원,정선군,차량단독,공작물충돌,공작물충돌,운전자법규위반,안전운전 의무 불이행,단일로,기타단일로,승용차,승용차,없음,없음,1119112,1941406,128.8468967,37.4641976
2017,2017-06-23,56,주간,금,1,1,0,0,0,경기,안양시,차대차,측면충돌,측면충돌,운전자법규위반,안전운전 의무 불이행,교차로,교차로부근,승용차,승용차,원동기장치자전거,원동기장치자전거,951810,1931162,126.9556875,37.37828463
2017,2017-06-23,40,주간,금,1,1,0,0,0,경북,김천시,차량단독,전도전복,전도전복,운전자법규위반,안전운전 의무 불이행,단일로,기타단일로,농기계,농기계,없음,없음,1045312,1793750,128.0036418,36.13973752
2017,2017-06-23,0,주간,금,1,3,1,0,1,울산,북구,차대차,측면충돌,측면충돌,운전자법규위반,안전운전 의무 불이행,단일로,기타단일로,승용차,승용차,건설기계,건설기계,1166347,1742939,129.337923,35.66865073
2017,2017-06-23,23,주간,금,1,1,0,0,0,충남,홍성군,차대사람,횡단중,횡단중,운전자법규위반,안전운전 의무 불이행,단일로,기타단일로,화물차,화물차,보행자,보행자,933108,1846778,126.7519484,36.61651544
2017,2017-06-23,20,주간,금,1,1,0,0,0,경기,양평군,차량단독,전도전복,전도전복,운전자법규위반,안전운전 의무 불이행,단일로,기타단일로,사륜오토바이(ATV),사륜오토바이(ATV),없음,없음,984525,1949289,127.3248238,37.5427991
2017,2017-06-23,0,주간,금,1,1,0,0,0,대구,달성군,차량단독,전도,전도,운전자법규위반,안전운전 의무 불이행,단일로,기타단일로,농기계,농기계,없음,없음,1089390,1738232,128.4872853,35.63619398
2017,2017-06-23,47,주간,금,1,1,0,0,0,대구,달성군,차대차,정면충돌,정면충돌,운전자법규위반,중앙선 침범,단일로,기타단일로,이륜차,이륜차,승합차,승합차,1089114,1756242,128.4862361,35.79857966
2017,2017-06-23,45,야간,금,1,1,0,0,0,서울,강동구,차대사람,횡단중,횡단중,운전자법규위반,신호위반,교차로,교차로내,화물차,화물차,보행자,보행자,967765,1950338,127.135058,37.55182032
2017,2017-06-23,20,야간,금,1,2,0,1,0,강원,철원군,차대차,기타,기타,운전자법규위반,안전운전 의무 불이행,단일로,기타단일로,화물차,화물차,사륜오토바이(ATV),사륜오토바이(ATV),977386,2026216,127.2415995,38.23599299
2017,2017-06-24,30,야간,토,1,3,2,0,0,강원,원주시,차대차,측면충돌,측면충돌,운전자법규위반,신호위반,교차로,교차로내,화물차,화물차,화물차,화물차,1039135,1930639,127.9449419,37.37732113
2017,2017-06-24,40,주간,토,1,1,0,0,0,경남,진주시,차대차,추돌,추돌,운전자법규위반,안전운전 의무 불이행,단일로,기타단일로,화물차,화물차,농기계,농기계,1054428,1681234,128.0973653,35.12482448
2017,2017-06-24,26,주간,토,1,1,0,0,0,강원,인제군,차대사람,기타,기타,운전자법규위반,중앙선 침범,교차로,교차로부근,건설기계,건설기계,보행자,보행자,1061463,2024127,128.2021095,38.21535054
2017,2017-06-24,26,주간,토,1,1,0,0,0,부산,사하구,차대차,기타,기타,운전자법규위반,안전운전 의무 불이행,단일로,기타단일로,원동기장치자전거,원동기장치자전거,승용차,승용차,1135902,1676049,128.9905354,35.07038804
2017,2017-06-24,10,주간,토,1,1,0,0,0,경남,밀양시,차대차,측면충돌,측면충돌,운전자법규위반,신호위반,교차로,교차로내,이륜차,이륜차,승용차,승용차,1110701,1710015,128.7187655,35.37966925
2017,2017-06-24,1,주간,토,1,1,0,0,0,경남,함양군,차대차,추돌,추돌,운전자법규위반,안전운전 의무 불이행,교차로,교차로부근,화물차,화물차,이륜차,이륜차,1027818,1736311,127.8071935,35.62252778
2017,2017-06-24,34,주간,토,1,1,0,0,0,경북,안동시,차량단독,전도전복,전도전복,운전자법규위반,안전운전 의무 불이행,단일로,기타단일로,사륜오토바이(ATV),사륜오토바이(ATV),없음,없음,1101824,1844161,128.6382907,36.58983546
2017,2017-06-24,23,야간,토,1,2,1,0,0,인천,계양구,차대사람,기타,기타,운전자법규위반,안전운전 의무 불이행,단일로,기타단일로,승용차,승용차,보행자,보행자,932286,1948076,126.7335012,37.52911146
2017,2017-06-25,20,주간,일,1,1,0,0,0,전북,무주군,차량단독,전도,전도,운전자법규위반,안전운전 의무 불이행,단일로,기타단일로,화물차,화물차,없음,없음,1019989,1779787,127.7218265,36.01470331
2017,2017-06-25,51,주간,일,1,1,0,0,0,전남,여수시,차대차,추돌,추돌,운전자법규위반,안전운전 의무 불이행,단일로,기타단일로,이륜차,이륜차,승용차,승용차,1010706,1647988,127.6170772,34.82644521
2017,2017-06-25,55,주간,일,1,1,0,0,0,경기,시흥시,차대사람,횡단중,횡단중,운전자법규위반,안전운전 의무 불이행,단일로,기타단일로,화물차,화물차,보행자,보행자,934106,1928147,126.7560002,37.35002074
2017,2017-06-25,45,주간,일,1,1,0,0,0,경남,합천군,차량단독,전도,전도,운전자법규위반,안전운전 의무 불이행,단일로,기타단일로,화물차,화물차,없음,없음,1060268,1734888,128.165416,35.6082516
2017,2017-06-25,50,야간,일,1,1,0,0,0,대전,대덕구,차대사람,횡단중,횡단중,운전자법규위반,안전운전 의무 불이행,교차로,교차로횡단보도내,승용차,승용차,보행자,보행자,991761,1817790,127.4081689,36.35749541
2017,2017-06-25,17,야간,일,1,2,1,0,0,광주,서구,차대사람,횡단중,횡단중,운전자법규위반,과속,교차로,교차로부근,이륜차,이륜차,보행자,보행자,942791,1683661,126.8723236,35.14653856
2017,2017-06-26,0,주간,월,2,3,1,0,0,전북,고창군,차대차,정면충돌,정면충돌,운전자법규위반,중앙선 침범,단일로,기타단일로,승용차,승용차,화물차,화물차,915955,1727488,126.5728589,35.53980212
2017,2017-06-26,15,주간,월,1,4,1,2,0,서울,중구,차대차,기타,기타,운전자법규위반,안전운전 의무 불이행,단일로,기타단일로,승합차,승합차,자전거,자전거,956705,1950843,127.0098183,37.55591863
2017,2017-06-26,15,주간,월,1,1,0,0,0,전남,나주시,차량단독,공작물충돌,공작물충돌,운전자법규위반,안전운전 의무 불이행,단일로,기타단일로,승용차,승용차,없음,없음,943291,1667504,126.8785402,35.00089764
2017,2017-06-26,38,주간,월,1,2,1,0,0,충남,금산군,차대차,기타,기타,운전자법규위반,안전운전 의무 불이행,단일로,기타단일로,승용차,승용차,승용차,승용차,999462,1795479,127.4940189,36.15638447
2017,2017-06-26,13,주간,월,1,1,0,0,0,강원,평창군,차량단독,전복,전복,운전자법규위반,안전운전 의무 불이행,단일로,기타단일로,사륜오토바이(ATV),사륜오토바이(ATV),없음,없음,1071342,1938590,128.3080172,37.4358239
2017,2017-06-26,0,야간,월,1,1,0,0,0,부산,북구,차대사람,횡단중,횡단중,운전자법규위반,안전운전 의무 불이행,단일로,기타단일로,화물차,화물차,보행자,보행자,1137980,1691536,129.0158949,35.20971594
2017,2017-06-26,5,야간,월,1,4,2,1,0,경북,영천시,차대차,측면충돌,측면충돌,운전자법규위반,안전운전 의무 불이행,단일로,기타단일로,승합차,승합차,농기계,농기계,1125414,1778675,128.891417,35.9968123
2017,2017-06-26,5,야간,월,1,1,0,0,0,경남,김해시,차대차,측면충돌,측면충돌,운전자법규위반,신호위반,교차로,교차로내,이륜차,이륜차,화물차,화물차,1123817,1694190,128.8607407,35.23547324