발생년,발생년월일시분,발생분,주야,요일,사망자수,사상자수,중상자수,경상자수,부상신고자수,발생지시도,발생지시군구,사고유형_대분류,사고유형_중분류,사고유형,법규위반_대분류,법규위반,도로형태_대분류,도로형태,당사자종별_1당_대분류,당사자종별_1당,당사자종별_2당_대분류,당사자종별_2당,발생위치X_UTMK,발생위치Y_UTMK,경도,위도
2017,2017-07-06,18,야간,목,1,1,0,0,0,강원,고성군,차대사람,차도통행중,차도통행중,운전자법규위반,안전운전 의무 불이행,기타,기타,승용차,승용차,보행자,보행자,1086231,2023557,128.4849391,38.20818117
2017,2017-07-07,4,야간,금,1,3,1,1,0,경기,화성시,차대차,추돌,추돌,운전자법규위반,안전운전 의무 불이행,단일로,기타단일로,화물차,화물차,화물차,화물차,964038,1911806,127.0947376,37.20436934
2017,2017-07-07,23,야간,금,1,1,0,0,0,경기,포천시,차대사람,횡단중,횡단중,운전자법규위반,안전운전 의무 불이행,교차로,교차로내,이륜차,이륜차,보행자,보행자,968826,1980966,127.145759,37.82791325
2017,2017-07-07,55,야간,금,1,1,0,0,0,전남,순천시,차대사람,횡단중,횡단중,운전자법규위반,안전운전 의무 불이행,교차로,교차로내,화물차,화물차,보행자,보행자,998919,1658205,127.4881653,34.9186341
2017,2017-07-07,0,주간,금,1,8,1,6,0,경기,고양시,차대차,추돌,추돌,운전자법규위반,안전운전 의무 불이행,단일로,기타단일로,승용차,승용차,승용차,승용차,944963,1953650,126.8766722,37.58059146
2017,2017-07-07,30,야간,금,1,3,0,2,0,경기,성남시,차대차,추돌,추돌,운전자법규위반,안전운전 의무 불이행,단일로,고가도로위,승용차,승용차,승용차,승용차,967736,1937231,127.1353046,37.43367944
2017,2017-07-07,0,야간,금,1,1,0,0,0,경기,평택시,차대사람,횡단중,횡단중,운전자법규위반,안전운전 의무 불이행,교차로,교차로내,승합차,승합차,보행자,보행자,965641,1890780,127.1137654,37.0149002
2017,2017-07-08,20,야간,토,1,4,3,0,0,전남,해남군,차량단독,기타,기타,운전자법규위반,안전운전 의무 불이행,교차로,교차로부근,승용차,승용차,없음,없음,893811,1634162,126.341177,34.69645309
2017,2017-07-08,6,야간,토,1,2,0,1,0,부산,영도구,차량단독,공작물충돌,공작물충돌,운전자법규위반,안전운전 의무 불이행,단일로,기타단일로,원동기장치자전거,원동기장치자전거,없음,없음,1141868,1676317,129.0559987,35.07196941
2017,2017-07-08,30,주간,토,1,4,1,2,0,전북,남원시,차대차,정면충돌,정면충돌,운전자법규위반,안전운전 의무 불이행,단일로,기타단일로,승용차,승용차,승용차,승용차,985994,1704284,127.3458835,35.33404246
2017,2017-07-08,0,주간,토,1,1,0,0,0,경북,영덕군,차량단독,도로이탈,도로이탈 기타,운전자법규위반,안전운전 의무 불이행,단일로,기타단일로,농기계,농기계,없음,없음,1161774,1824027,129.3040123,36.4001318
2017,2017-07-08,30,주간,토,2,6,1,3,0,충남,예산군,차대차,측면충돌,측면충돌,운전자법규위반,신호위반,교차로,교차로내,승용차,승용차,화물차,화물차,944659,1848967,126.8809577,36.636989
2017,2017-07-08,40,주간,토,1,1,0,0,0,경남,김해시,차대차,추돌,추돌,운전자법규위반,안전운전 의무 불이행,교차로,교차로부근,이륜차,이륜차,승용차,승용차,1121971,1690818,128.8399585,35.20530223
2017,2017-07-08,35,주간,토,1,1,0,0,0,경남,사천시,차대사람,기타,기타,운전자법규위반,안전운전 의무 불이행,교차로,교차로내,승용차,승용차,보행자,보행자,1052935,1660740,128.0796736,34.94011118
2017,2017-07-08,0,주간,토,1,6,5,0,0,강원,양양군,차대차,정면충돌,정면충돌,운전자법규위반,중앙선 침범,기타,기타,승용차,승용차,승용차,승용차,1088449,1995494,128.4703981,38.07534815
2017,2017-07-08,53,주간,토,1,1,0,0,0,경기,용인시,차대사람,횡단중,횡단중,운전자법규위반,보행자 보호의무 위반,교차로,교차로횡단보도내,승합차,승합차,보행자,보행자,976113,1916757,127.2306526,37.24938494
2017,2017-07-08,50,야간,토,1,1,0,0,0,강원,정선군,차대사람,차도통행중,차도통행중,운전자법규위반,안전운전 의무 불이행,단일로,기타단일로,승용차,승용차,보행자,보행자,1108067,1942168,128.722141,37.47242196
2017,2017-07-08,45,야간,토,1,2,1,0,0,경기,안산시,차대차,정면충돌,정면충돌,운전자법규위반,안전운전 의무 불이행,교차로,교차로내,승합차,승합차,화물차,화물차,938242,1922862,126.8031359,37.30267012
2017,2017-07-08,48,야간,토,1,1,0,0,0,경북,영양군,차량단독,전도전복,전도전복,운전자법규위반,안전운전 의무 불이행,단일로,교량위,승용차,승용차,없음,없음,1154450,1862216,129.2300346,36.74545754
2017,2017-07-08,50,야간,토,1,1,0,0,0,대전,동구,차대사람,횡단중,횡단중,운전자법규위반,과속,단일로,기타단일로,승용차,승용차,보행자,보행자,993935,1817254,127.4324043,36.35267932
2017,2017-07-08,5,야간,토,1,1,0,0,0,경기,수원시,차대사람,횡단중,횡단중,운전자법규위반,안전운전 의무 불이행,교차로,교차로내,승용차,승용차,보행자,보행자,958087,1918940,127.0271845,37.26850588
2017,2017-07-09,12,야간,일,1,1,0,0,0,경기,화성시,차대차,추돌,추돌,운전자법규위반,과속,단일로,기타단일로,승용차,승용차,이륜차,이륜차,958149,1913572,127.0282762,37.22004209
2017,2017-07-09,53,야간,일,1,1,0,0,0,부산,강서구,차량단독,전도전복,전도전복,운전자법규위반,안전운전 의무 불이행,기타,기타,이륜차,이륜차,없음,없음,1129306,1680231,128.9188545,35.10893723
2017,2017-07-09,0,주간,일,1,1,0,0,0,충남,부여군,차대차,측면충돌,측면충돌,운전자법규위반,직진 및 우회전차의 통행방해,교차로,교차로내,이륜차,이륜차,화물차,화물차,940622,1792186,126.8401413,36.12487839
2017,2017-07-09,0,주간,일,1,1,0,0,0,경북,영천시,차대차,추돌,추돌,운전자법규위반,안전거리 미확보,단일로,기타단일로,건설기계,건설기계,이륜차,이륜차,1131706,1772482,128.9601759,35.94016455
2017,2017-07-09,40,주간,일,2,16,4,9,1,서울,서초구,차대차,추돌,추돌,운전자법규위반,안전운전 의무 불이행,단일로,기타단일로,승합차,승합차,승용차,승용차,959678,1940101,127.0474904,37.45567212
2017,2017-07-09,42,주간,일,1,1,0,0,0,경기,양평군,차대차,기타,기타,운전자법규위반,중앙선 침범,단일로,기타단일로,이륜차,이륜차,자전거,자전거,997169,1951622,127.4679442,37.56395338
2017,2017-07-09,14,주간,일,1,1,0,0,0,전남,완도군,차대사람,기타,기타,운전자법규위반,안전운전 의무 불이행,단일로,기타단일로,승합차,승합차,보행자,보행자,919314,1579129,126.6242117,34.20239378
2017,2017-07-10,30,야간,월,1,1,0,0,0,경기,김포시,차대차,측면충돌,측면충돌,운전자법규위반,차로위반(진로변경 위반),단일로,기타단일로,이륜차,이륜차,승용차,승용차,931887,1957630,126.7282192,37.61558714
2017,2017-07-10,25,야간,월,1,1,0,0,0,대구,달성군,차대사람,횡단중,횡단중,운전자법규위반,안전운전 의무 불이행,교차로,교차로내,화물차,화물차,보행자,보행자,1086123,1763339,128.453904,35.86282569
2017,2017-07-10,15,주간,월,1,2,0,1,0,전북,순창군,차대차,측면충돌,측면충돌,운전자법규위반,안전운전 의무 불이행,단일로,기타단일로,농기계,농기계,승용차,승용차,975662,1717877,127.2317896,35.4564088
2017,2017-07-10,13,주간,월,1,1,0,0,0,경북,상주시,차대차,기타,기타,운전자법규위반,안전운전 의무 불이행,단일로,기타단일로,화물차,화물차,이륜차,이륜차,1063717,1830435,128.2111974,36.46941027
2017,2017-07-10,8,주간,월,1,3,0,2,0,충남,공주시,차대차,추돌,추돌,운전자법규위반,기타(운전자법규위반),단일로,터널안,승용차,승용차,승용차,승용차,976358,1817845,127.2364881,36.35773598
2017,2017-07-10,30,주간,월,1,1,0,0,0,전남,영광군,차대사람,기타,기타,운전자법규위반,안전운전 의무 불이행,교차로,교차로내,승용차,승용차,보행자,보행자,903426,1694524,126.4385666,35.24148001
2017,2017-07-10,45,야간,월,1,2,1,0,0,경기,여주시,차대차,측면충돌,측면충돌,운전자법규위반,중앙선 침범,단일로,기타단일로,승합차,승합차,승용차,승용차,1021739,1916047,127.7451063,37.24303763
2017,2017-07-10,15,야간,월,1,2,0,1,0,강원,원주시,차대차,측면충돌,측면충돌,운전자법규위반,안전운전 의무 불이행,단일로,기타단일로,승용차,승용차,승용차,승용차,1034653,1909602,127.8904091,37.1845522
2017,2017-07-10,50,야간,월,1,1,0,0,0,전북,남원시,차량단독,도로이탈,도로이탈 추락,운전자법규위반,안전운전 의무 불이행,기타,기타,자전거,자전거,없음,없음,982757,1701201,127.3103299,35.30619266
2017,2017-07-10,5,야간,월,1,1,0,0,0,전남,목포시,차대차,측면충돌,측면충돌,운전자법규위반,안전운전 의무 불이행,단일로,기타단일로,승합차,승합차,자전거,자전거,896394,1646039,126.367265,34.80366932
2017,2017-07-10,45,야간,월,1,1,0,0,0,인천,부평구,차대차,기타,기타,운전자법규위반,안전운전 의무 불이행,단일로,기타단일로,승용차,승용차,원동기장치자전거,원동기장치자전거,932204,1947267,126.7329147,37.52317052
2017,2017-07-10,15,야간,월,1,9,3,5,0,경기,화성시,차대차,측면충돌,측면충돌,운전자법규위반,중앙선 침범,단일로,기타단일로,승용차,승용차,승합차,승합차,941319,1910633,126.8388178,37.19264399
2017,2017-07-10,35,야간,월,2,3,1,0,0,경기,성남시,차량단독,전도전복,전도전복,운전자법규위반,안전운전 의무 불이행,단일로,기타단일로,승용차,승용차,없음,없음,962381,1932993,127.0749918,37.39527777
2017,2017-07-11,5,야간,화,1,1,0,0,0,경기,여주시,차량단독,공작물충돌,공작물충돌,운전자법규위반,안전운전 의무 불이행,기타,기타,승용차,승용차,없음,없음,1006443,1922494,127.5727007,37.30138232
2017,2017-07-11,0,야간,화,1,3,1,1,0,대구,수성구,차대차,측면충돌,측면충돌,운전자법규위반,중앙선 침범,단일로,기타단일로,승용차,승용차,승용차,승용차,1101960,1763923,128.6293621,35.86656947
2017,2017-07-11,40,주간,화,1,1,0,0,0,강원,횡성군,차대차,추돌,추돌,운전자법규위반,안전운전 의무 불이행,단일로,기타단일로,화물차,화물차,농기계,농기계,1031847,1935733,127.8599173,37.42019151
2017,2017-07-11,20,주간,화,1,1,0,0,0,전북,전주시,차대사람,횡단중,횡단중,운전자법규위반,안전운전 의무 불이행,교차로,교차로부근,승용차,승용차,보행자,보행자,966236,1755369,127.1263451,35.79417304
2017,2017-07-11,20,주간,화,1,6,3,2,0,경남,함양군,차대차,측면충돌,측면충돌,운전자법규위반,신호위반,교차로,교차로내,화물차,화물차,승용차,승용차,1025465,1727628,127.7809361,35.5443013
2017,2017-07-11,30,주간,화,1,1,0,0,0,충북,충주시,차량단독,전도전복,전도전복,운전자법규위반,안전운전 의무 불이행,단일로,기타단일로,화물차,화물차,없음,없음,1027950,1890196,127.8141695,37.00984846
2017,2017-07-11,15,야간,화,1,1,0,0,0,강원,고성군,차대사람,횡단중,횡단중,운전자법규위반,안전운전 의무 불이행,교차로,교차로내,화물차,화물차,보행자,보행자,1090816,2034216,128.5386682,38.30377865
2017,2017-07-11,22,야간,화,1,1,0,0,0,경북,고령군,차대사람,차도통행중,차도통행중,운전자법규위반,안전운전 의무 불이행,교차로,교차로내,화물차,화물차,보행자,보행자,1067994,1745785,128.2516322,35.70599427
2017,2017-07-11,37,야간,화,1,1,0,0,0,서울,영등포구,차대사람,횡단중,횡단중,운전자법규위반,과속,단일로,기타단일로,이륜차,이륜차,보행자,보행자,946689,1947064,126.8966979,37.52133287
2017,2017-07-12,25,야간,수,1,1,0,0,0,경기,화성시,차대사람,차도통행중,차도통행중,운전자법규위반,안전운전 의무 불이행,단일로,기타단일로,승용차,승용차,보행자,보행자,947997,1908455,126.9142093,37.17340821
2017,2017-07-12,20,야간,수,1,4,1,2,0,충북,옥천군,차대차,추돌,추돌,운전자법규위반,안전운전 의무 불이행,단일로,기타단일로,화물차,화물차,특수차,특수차,1003248,1814881,127.5361898,36.33129935
2017,2017-07-12,50,야간,수,1,2,1,0,0,강원,원주시,차대차,기타,기타,운전자법규위반,안전운전 의무 불이행,단일로,기타단일로,이륜차,이륜차,화물차,화물차,1039895,1924727,127.9494547,37.3202087
2017,2017-07-12,18,야간,수,1,1,0,0,0,부산,북구,차대차,측면충돌,측면충돌,운전자법규위반,안전운전 의무 불이행,교차로,교차로내,승용차,승용차,이륜차,이륜차,1137304,1690291,129.0082623,35.19856012
2017,2017-07-12,30,야간,수,1,1,0,0,0,경기,양주시,차대사람,횡단중,횡단중,운전자법규위반,안전운전 의무 불이행,단일로,기타단일로,화물차,화물차,보행자,보행자,953942,1971291,126.9772469,37.74008377
2017,2017-07-12,20,주간,수,1,1,0,0,0,서울,강동구,차대사람,차도통행중,차도통행중,운전자법규위반,안전운전 의무 불이행,단일로,기타단일로,승용차,승용차,보행자,보행자,966582,1949741,127.1216924,37.54639717
2017,2017-07-12,3,주간,수,1,1,0,0,0,전북,부안군,차대사람,횡단중,횡단중,운전자법규위반,안전운전 의무 불이행,교차로,교차로부근,승합차,승합차,보행자,보행자,930449,1748073,126.7309593,35.72651316
2017,2017-07-12,30,주간,수,1,1,0,0,0,경남,통영시,차대사람,횡단중,횡단중,운전자법규위반,안전운전 의무 불이행,교차로,교차로횡단보도내,화물차,화물차,보행자,보행자,1084507,1650464,128.4243372,34.84531696
2017,2017-07-12,0,주간,수,1,1,0,0,0,경북,포항시,차량단독,전도전복,전도전복,운전자법규위반,안전운전 의무 불이행,단일로,기타단일로,이륜차,이륜차,없음,없음,1168102,1771910,129.363393,35.92942485
2017,2017-07-12,30,주간,수,1,1,0,0,0,충남,홍성군,철길건널목,철길건널목,철길건널목,운전자법규위반,철길건널목 통과방법위반,철길건널목,철길건널목,자전거,자전거,기타,기타,921523,1833748,126.6237337,36.49817877
2017,2017-07-12,20,주간,수,1,1,0,0,0,충남,금산군,차대사람,횡단중,횡단중,운전자법규위반,안전운전 의무 불이행,교차로,교차로내,화물차,화물차,보행자,보행자,998954,1788453,127.4883806,36.09303935
2017,2017-07-12,10,주간,수,1,1,0,0,0,충북,청주시,차대사람,횡단중,횡단중,운전자법규위반,보행자 보호의무 위반,교차로,교차로횡단보도내,승용차,승용차,보행자,보행자,993809,1847195,127.4307602,36.62260266
2017,2017-07-12,50,야간,수,1,1,0,0,0,경기,수원시,차대차,기타,기타,운전자법규위반,차로위반(진로변경 위반),교차로,교차로부근,이륜차,이륜차,승합차,승합차,958487,1921221,127.0316592,37.2890033
2017,2017-07-12,50,야간,수,1,1,0,0,0,경기,파주시,차대사람,기타,기타,운전자법규위반,안전운전 의무 불이행,단일로,기타단일로,화물차,화물차,보행자,보행자,932121,1982251,126.7285721,37.83750129
2017,2017-07-12,59,야간,수,1,1,0,0,0,광주,북구,차대사람,횡단중,횡단중,운전자법규위반,안전운전 의무 불이행,교차로,교차로횡단보도내,화물차,화물차,보행자,보행자,948307,1687805,126.9322394,35.18421789
2017,2017-07-12,10,야간,수,1,2,1,0,0,서울,노원구,차대사람,횡단중,횡단중,운전자법규위반,안전운전 의무 불이행,단일로,기타단일로,승용차,승용차,보행자,보행자,961281,1963894,127.0609348,37.67375396
2017,2017-07-12,59,야간,수,1,1,0,0,0,경기,성남시,차대사람,횡단중,횡단중,운전자법규위반,안전운전 의무 불이행,단일로,기타단일로,승용차,승용차,보행자,보행자,966934,1939714,127.126128,37.45603179
2017,2017-07-12,15,야간,수,1,1,0,0,0,경기,양평군,차대사람,차도통행중,차도통행중,운전자법규위반,안전운전 의무 불이행,단일로,기타단일로,화물차,화물차,보행자,보행자,1003541,1935224,127.5400164,37.4161446
2017,2017-07-13,30,야간,목,1,1,0,0,0,경기,화성시,차대사람,횡단중,횡단중,운전자법규위반,안전운전 의무 불이행,단일로,기타단일로,화물차,화물차,보행자,보행자,944587,1916230,126.8752216,37.24329265
2017,2017-07-13,18,야간,목,1,2,1,0,0,경기,고양시,차대사람,기타,기타,운전자법규위반,안전운전 의무 불이행,단일로,기타단일로,승용차,승용차,보행자,보행자,944775,1953807,126.8745313,37.58199524
2017,2017-07-13,15,주간,목,1,1,0,0,0,경기,화성시,차대차,기타,기타,운전자법규위반,안전운전 의무 불이행,단일로,기타단일로,원동기장치자전거,원동기장치자전거,건설기계,건설기계,943375,1919209,126.8613305,37.27007092
2017,2017-07-13,20,주간,목,1,1,0,0,0,충북,영동군,차량단독,기타,기타,운전자법규위반,안전운전 의무 불이행,교차로,교차로내,농기계,농기계,없음,없음,1023712,1792634,127.763528,36.13044499
2017,2017-07-13,40,주간,목,1,1,0,0,0,제주,서귀포시,차대사람,차도통행중,차도통행중,운전자법규위반,안전운전 의무 불이행,단일로,기타단일로,승용차,승용차,보행자,보행자,945335,1495754,126.9118064,33.45215166
2017,2017-07-13,20,주간,목,1,4,1,2,0,경기,남양주시,차대사람,횡단중,횡단중,운전자법규위반,안전운전 의무 불이행,기타,기타,승용차,승용차,보행자,보행자,982975,1961443,127.3069952,37.65232144
2017,2017-07-13,35,주간,목,1,1,0,0,0,인천,옹진군,차대차,측면충돌,측면충돌,운전자법규위반,안전운전 의무 불이행,단일로,기타단일로,승용차,승용차,이륜차,이륜차,913874,1916387,126.5289535,37.24237449
2017,2017-07-13,15,주간,목,1,1,0,0,0,서울,성동구,차대차,측면충돌,측면충돌,운전자법규위반,안전운전 의무 불이행,교차로,교차로내,자전거,자전거,승용차,승용차,961297,1949361,127.0618852,37.54276527
2017,2017-07-13,14,주간,목,1,2,1,0,0,전북,장수군,차대차,기타,기타,운전자법규위반,안전운전 의무 불이행,단일로,터널안,승용차,승용차,화물차,화물차,1005252,1747971,127.5580742,35.728037
2017,2017-07-13,45,야간,목,1,2,1,0,0,전북,익산시,차대차,측면충돌,측면충돌,운전자법규위반,신호위반,교차로,교차로내,승용차,승용차,승용차,승용차,955106,1779309,127.0018259,36.00956428
2017,2017-07-13,20,야간,목,1,1,0,0,0,인천,남동구,차대사람,차도통행중,차도통행중,운전자법규위반,안전운전 의무 불이행,단일로,기타단일로,승합차,승합차,보행자,보행자,931541,1939365,126.7260022,37.45094284
2017,2017-07-14,0,야간,금,1,2,1,0,0,강원,횡성군,차대차,정면충돌,정면충돌,운전자법규위반,중앙선 침범,단일로,기타단일로,승용차,승용차,승용차,승용차,1044720,1943498,128.0052616,37.48784068
2017,2017-07-14,2,야간,금,1,1,0,0,0,경기,부천시,차대사람,횡단중,횡단중,운전자법규위반,과속,단일로,기타단일로,승용차,승용차,보행자,보행자,935653,1945173,126.7719813,37.5035855
2017,2017-07-14,51,주간,금,1,1,0,0,0,대구,수성구,차대사람,횡단중,횡단중,운전자법규위반,보행자 보호의무 위반,단일로,기타단일로,건설기계,건설기계,보행자,보행자,1101472,1760703,128.6235481,35.8375937
2017,2017-07-14,45,주간,금,1,3,0,2,0,부산,동래구,차대차,측면충돌,측면충돌,운전자법규위반,안전운전 의무 불이행,단일로,기타단일로,승용차,승용차,화물차,화물차,1142677,1691493,129.0674787,35.20865597
2017,2017-07-14,10,주간,금,1,1,0,0,0,전북,익산시,차대사람,횡단중,횡단중,운전자법규위반,안전운전 의무 불이행,교차로,교차로횡단보도내,건설기계,건설기계,보행자,보행자,953828,1772468,126.9880434,35.94782872
2017,2017-07-14,15,주간,금,1,1,0,0,0,경기,남양주시,차량단독,전도,전도,운전자법규위반,안전운전 의무 불이행,단일로,기타단일로,이륜차,이륜차,없음,없음,971593,1959953,127.1780221,37.63860995
2017,2017-07-14,35,주간,금,1,2,0,1,0,인천,계양구,차대차,추돌,추돌,운전자법규위반,안전운전 의무 불이행,단일로,기타단일로,화물차,화물차,승용차,승용차,933669,1949405,126.7492341,37.54150412
2017,2017-07-14,10,주간,금,1,1,0,0,0,서울,은평구,차대차,측면충돌,측면충돌,운전자법규위반,안전운전 의무 불이행,교차로,교차로부근,이륜차,이륜차,건설기계,건설기계,946064,1954219,126.8890992,37.58578506
2017,2017-07-14,19,주간,금,1,1,0,0,0,전남,담양군,차량단독,도로이탈,도로이탈 추락,운전자법규위반,안전운전 의무 불이행,단일로,기타단일로,승용차,승용차,없음,없음,958107,1694690,127.039522,35.24675549
2017,2017-07-14,0,야간,금,1,1,0,0,0,전북,익산시,차대사람,횡단중,횡단중,운전자법규위반,안전운전 의무 불이행,교차로,교차로횡단보도내,화물차,화물차,보행자,보행자,954254,1773827,126.9932523,35.96017647
2017,2017-07-14,45,야간,금,1,1,0,0,0,서울,용산구,차대차,기타,기타,운전자법규위반,과속,단일로,교량위,이륜차,이륜차,승용차,승용차,950984,1947652,126.9452615,37.52687091
2017,2017-07-14,25,야간,금,1,1,0,0,0,서울,강동구,차대사람,횡단중,횡단중,운전자법규위반,안전운전 의무 불이행,단일로,기타단일로,승용차,승용차,보행자,보행자,966461,1949442,127.1203363,37.54369777
2017,2017-07-14,35,야간,금,1,1,0,0,0,전북,진안군,차량단독,기타,기타,운전자법규위반,안전운전 의무 불이행,단일로,기타단일로,화물차,화물차,없음,없음,990905,1744524,127.3994708,35.69692958
2017,2017-07-15,0,주간,토,1,1,0,0,0,경남,창원시(통합),차대차,기타,기타,운전자법규위반,안전운전 의무 불이행,교차로,교차로횡단보도내,화물차,화물차,원동기장치자전거,원동기장치자전거,1105219,1692856,128.6562196,35.22557205
2017,2017-07-15,9,주간,토,1,1,0,0,0,서울,양천구,차대사람,기타,기타,운전자법규위반,안전운전 의무 불이행,교차로,교차로내,화물차,화물차,보행자,보행자,943819,1949560,126.8640299,37.54365911
2017,2017-07-15,47,주간,토,1,1,0,0,0,경북,예천군,차대사람,기타,기타,운전자법규위반,안전운전 의무 불이행,교차로,교차로부근,승용차,승용차,보행자,보행자,1088225,1850172,128.4869799,36.64537145
2017,2017-07-15,28,주간,토,1,2,0,1,0,충남,아산시,차대차,정면충돌,정면충돌,운전자법규위반,중앙선 침범,단일로,기타단일로,화물차,화물차,화물차,화물차,961798,1876952,127.071266,36.89010272
2017,2017-07-15,35,야간,토,1,1,0,0,0,전북,남원시,차량단독,전도전복,전도전복,운전자법규위반,안전운전 의무 불이행,교차로,교차로부근,화물차,화물차,없음,없음,1014079,1715102,127.6551064,35.43158558
2017,2017-07-15,13,야간,토,1,1,0,0,0,대구,남구,차대사람,횡단중,횡단중,운전자법규위반,안전운전 의무 불이행,단일로,기타단일로,승용차,승용차,보행자,보행자,1099174,1762583,128.5983414,35.85477616
2017,2017-07-15,21,야간,토,1,1,0,0,0,전남,여수시,차량단독,도로이탈,도로이탈 추락,운전자법규위반,안전운전 의무 불이행,교차로,교차로내,화물차,화물차,없음,없음,1014122,1644011,127.6543664,34.79054016
2017,2017-07-15,3,야간,토,1,1,0,0,0,전북,익산시,차대사람,횡단중,횡단중,운전자법규위반,안전운전 의무 불이행,교차로,교차로부근,승합차,승합차,보행자,보행자,950430,1771502,126.9589815,35.95324962
2017,2017-07-16,30,야간,일,1,1,0,0,0,경기,군포시,차대사람,횡단중,횡단중,운전자법규위반,과속,교차로,교차로횡단보도내,승용차,승용차,보행자,보행자,950417,1930307,126.9400114,37.37050468
2017,2017-07-16,30,야간,일,1,1,0,0,0,대구,달성군,차량단독,공작물충돌,공작물충돌,운전자법규위반,과속,교차로,교차로내,승용차,승용차,없음,없음,1090106,1756817,128.497278,35.80367266
2017,2017-07-16,30,주간,일,2,2,0,0,0,충북,진천군,차량단독,공작물충돌,공작물충돌,운전자법규위반,안전운전 의무 불이행,단일로,기타단일로,승용차,승용차,없음,없음,999320,1870021,127.4923746,36.82839543
2017,2017-07-16,55,주간,일,2,2,0,0,0,전남,담양군,차대차,측면충돌,측면충돌,운전자법규위반,안전운전 의무 불이행,교차로,교차로내,승용차,승용차,승합차,승합차,944666,1698324,126.9413413,35.30359302
2017,2017-07-16,47,주간,일,1,9,2,6,0,충북,충주시,차대차,추돌,추돌,운전자법규위반,안전운전 의무 불이행,단일로,기타단일로,승용차,승용차,승용차,승용차,1030777,1887137,127.8458208,36.98218543
2017,2017-07-16,40,주간,일,1,4,0,3,0,충남,서천군,차대차,측면충돌,측면충돌,운전자법규위반,중앙선 침범,단일로,기타단일로,화물차,화물차,승합차,승합차,935088,1786521,126.7791136,36.07345344
2017,2017-07-16,28,주간,일,1,1,0,0,0,경기,포천시,차량단독,전도전복,전도전복,운전자법규위반,안전운전 의무 불이행,단일로,기타단일로,화물차,화물차,없음,없음,975855,1993612,127.2252078,37.94210444
2017,2017-07-16,15,주간,일,1,1,0,0,0,전남,담양군,차대차,측면충돌,측면충돌,운전자법규위반,안전운전 의무 불이행,단일로,기타단일로,원동기장치자전거,원동기장치자전거,승용차,승용차,952057,1701269,126.9726398,35.30580472
2017,2017-07-16,0,야간,일,1,1,0,0,0,전북,군산시,차대사람,횡단중,횡단중,운전자법규위반,안전운전 의무 불이행,단일로,기타단일로,승용차,승용차,보행자,보행자,931272,1774764,126.73769,35.96923571
2017,2017-07-16,48,야간,일,1,1,0,0,0,경남,창원시(통합),차량단독,전도,전도,운전자법규위반,안전운전 의무 불이행,단일로,기타단일로,원동기장치자전거,원동기장치자전거,없음,없음,1109376,1688342,128.7012913,35.18443279
2017,2017-07-17,5,야간,월,1,1,0,0,0,전북,군산시,차대차,측면충돌,측면충돌,운전자법규위반,안전운전 의무 불이행,교차로,교차로내,승용차,승용차,이륜차,이륜차,930878,1775383,126.7332,35.97283052
2017,2017-07-17,32,야간,월,1,1,0,0,0,경기,파주시,차대차,측면충돌,측면충돌,운전자법규위반,안전운전 의무 불이행,단일로,기타단일로,승용차,승용차,화물차,화물차,932895,1981277,126.737458,37.82878054
2017,2017-07-17,30,주간,월,1,1,0,0,0,충남,홍성군,차대차,측면충돌,측면충돌,운전자법규위반,신호위반,교차로,교차로내,화물차,화물차,승용차,승용차,912972,1846573,126.5268173,36.61304138
2017,2017-07-17,49,주간,월,1,1,0,0,0,제주,제주시,차량단독,전도,전도,운전자법규위반,안전운전 의무 불이행,단일로,기타단일로,농기계,농기계,없음,없음,931276,1506465,126.7597201,33.54794322
2017,2017-07-17,5,주간,월,1,1,0,0,0,경기,남양주시,차대사람,횡단중,횡단중,운전자법규위반,안전운전 의무 불이행,기타,기타,승용차,승용차,보행자,보행자,971979,1967655,127.1821011,37.70804195
2017,2017-07-17,25,주간,월,1,1,0,0,0,충남,서산시,차대사람,횡단중,횡단중,운전자법규위반,안전운전 의무 불이행,교차로,교차로횡단보도내,화물차,화물차,보행자,보행자,907141,1865352,126.4593429,36.78175375
2017,2017-07-17,55,주간,월,1,1,0,0,0,광주,남구,차대사람,횡단중,횡단중,운전자법규위반,안전운전 의무 불이행,단일로,기타단일로,승합차,승합차,보행자,보행자,945368,1682234,126.9004406,35.13367924
2017,2017-07-17,20,주간,월,1,1,0,0,0,대전,동구,차대차,측면충돌,측면충돌,운전자법규위반,안전운전 의무 불이행,단일로,기타단일로,이륜차,이륜차,승용차,승용차,995001,1814397,127.4443034,36.32692838
2017,2017-07-17,42,주간,월,1,1,0,0,0,경기,용인시,차대차,측면충돌,측면충돌,운전자법규위반,교차로 통행방법 위반,교차로,교차로내,건설기계,건설기계,자전거,자전거,974680,1915634,127.2145326,37.23922442
2017,2017-07-17,30,야간,월,1,1,0,0,0,울산,남구,차대차,측면충돌,측면충돌,운전자법규위반,안전거리 미확보,교차로,교차로부근,승용차,승용차,승용차,승용차,1168840,1723408,129.361376,35.49221789