발생년,발생년월일시분,발생분,주야,요일,사망자수,사상자수,중상자수,경상자수,부상신고자수,발생지시도,발생지시군구,사고유형_대분류,사고유형_중분류,사고유형,법규위반_대분류,법규위반,도로형태_대분류,도로형태,당사자종별_1당_대분류,당사자종별_1당,당사자종별_2당_대분류,당사자종별_2당,발생위치X_UTMK,발생위치Y_UTMK,경도,위도
2017,2017-07-17,46,야간,월,2,2,0,0,0,충남,공주시,차량단독,전도전복,전도전복,운전자법규위반,안전운전 의무 불이행,단일로,기타단일로,승용차,승용차,없음,없음,957509,1833031,127.0255715,36.49398966
2017,2017-07-17,10,야간,월,2,2,0,0,0,경기,이천시,차대차,정면충돌,정면충돌,운전자법규위반,안전운전 의무 불이행,단일로,기타단일로,승용차,승용차,원동기장치자전거,원동기장치자전거,993650,1924278,127.4283335,37.31746385
2017,2017-07-18,15,야간,화,1,1,0,0,0,강원,양양군,차대사람,횡단중,횡단중,운전자법규위반,안전운전 의무 불이행,교차로,교차로내,승용차,승용차,보행자,보행자,1098939,2011264,128.6283587,38.09610262
2017,2017-07-18,50,야간,화,1,1,0,0,0,전남,담양군,차량단독,공작물충돌,공작물충돌,운전자법규위반,안전운전 의무 불이행,단일로,기타단일로,승용차,승용차,없음,없음,956441,1704744,127.0206761,35.33733823
2017,2017-07-18,20,야간,화,1,1,0,0,0,경북,경산시,차대차,기타,기타,운전자법규위반,안전운전 의무 불이행,단일로,기타단일로,승용차,승용차,농기계,농기계,1111306,1760429,128.7323752,35.83405662
2017,2017-07-18,25,주간,화,1,1,0,0,0,경기,안성시,차대차,기타,기타,운전자법규위반,안전운전 의무 불이행,교차로,교차로내,화물차,화물차,농기계,농기계,971789,1892785,127.1827998,37.03317857
2017,2017-07-18,10,주간,화,1,2,0,1,0,경북,경산시,차대차,정면충돌,정면충돌,운전자법규위반,안전운전 의무 불이행,교차로,교차로내,이륜차,이륜차,승용차,승용차,1118511,1760591,128.8121545,35.83467245
2017,2017-07-18,10,주간,화,1,1,0,0,0,충북,옥천군,차대차,측면충돌,측면충돌,운전자법규위반,안전운전 의무 불이행,교차로,교차로내,원동기장치자전거,원동기장치자전거,승용차,승용차,1005985,1811649,127.566661,36.30214826
2017,2017-07-18,13,주간,화,1,2,1,0,0,서울,서초구,차대사람,횡단중,횡단중,운전자법규위반,보행자 보호의무 위반,단일로,기타단일로,승용차,승용차,보행자,보행자,955344,1944813,126.9947765,37.50150363
2017,2017-07-18,0,주간,화,1,1,0,0,0,경남,창녕군,차대차,측면충돌,측면충돌,운전자법규위반,안전운전 의무 불이행,단일로,기타단일로,화물차,화물차,이륜차,이륜차,1091747,1721950,128.5114678,35.4891925
2017,2017-07-18,40,주간,화,1,1,0,0,0,충북,청주시,차대차,측면충돌,측면충돌,운전자법규위반,안전운전 의무 불이행,단일로,기타단일로,승용차,승용차,화물차,화물차,993750,1831123,127.4302307,36.47771148
2017,2017-07-18,20,주간,화,1,1,0,0,0,경기,안양시,차대사람,보도통행중,보도통행중,운전자법규위반,안전운전 의무 불이행,단일로,기타단일로,자전거,자전거,보행자,보행자,951576,1932101,126.9529831,37.38673605
2017,2017-07-18,40,주간,화,1,3,0,2,0,충북,청주시,차대차,측면충돌,측면충돌,운전자법규위반,신호위반,교차로,교차로내,이륜차,이륜차,승용차,승용차,993492,1857696,127.4271257,36.71726626
2017,2017-07-18,30,주간,화,1,1,0,0,0,경남,거제시,차대차,측면충돌,측면충돌,운전자법규위반,중앙선 침범,기타,기타,화물차,화물차,이륜차,이륜차,1105510,1658586,128.6550548,34.91658059
2017,2017-07-18,0,야간,화,1,2,0,1,0,경기,양평군,차량단독,공작물충돌,공작물충돌,운전자법규위반,안전운전 의무 불이행,단일로,교량위,이륜차,이륜차,없음,없음,982950,1948316,127.3070176,37.53400112
2017,2017-07-18,50,야간,화,1,1,0,0,0,경기,군포시,차대사람,기타,기타,운전자법규위반,안전운전 의무 불이행,교차로,교차로횡단보도내,화물차,화물차,보행자,보행자,950111,1926311,126.9368247,37.3344705
2017,2017-07-19,34,야간,수,1,1,0,0,0,강원,춘천시,차대사람,차도통행중,차도통행중,운전자법규위반,안전운전 의무 불이행,단일로,기타단일로,화물차,화물차,보행자,보행자,1022755,1982877,127.7613163,37.84434996
2017,2017-07-19,45,야간,수,1,1,0,0,0,경남,창원시(통합),차량단독,전도전복,전도전복,운전자법규위반,안전운전 의무 불이행,단일로,기타단일로,화물차,화물차,없음,없음,1105399,1697775,128.6588281,35.26989903
2017,2017-07-19,20,주간,수,1,2,0,1,0,전북,완주군,차대차,측면충돌,측면충돌,운전자법규위반,신호위반,교차로,교차로내,승용차,승용차,화물차,화물차,965830,1774517,127.1210306,35.96679596
2017,2017-07-19,45,주간,수,1,1,0,0,0,전남,진도군,차대사람,횡단중,횡단중,운전자법규위반,보행자 보호의무 위반,교차로,교차로횡단보도내,화물차,화물차,보행자,보행자,887940,1604199,126.2804629,34.42553186
2017,2017-07-19,40,주간,수,1,1,0,0,0,경기,남양주시,차대차,측면충돌,측면충돌,운전자법규위반,부당한 회전,단일로,기타단일로,사륜오토바이(ATV),사륜오토바이(ATV),화물차,화물차,971687,1966813,127.1788212,37.70044385
2017,2017-07-19,20,주간,수,1,1,0,0,0,경남,창원시(통합),차대차,측면충돌,측면충돌,운전자법규위반,안전운전 의무 불이행,단일로,기타단일로,승용차,승용차,원동기장치자전거,원동기장치자전거,1090673,1681106,128.4951095,35.12105733
2017,2017-07-19,6,야간,수,1,1,0,0,0,강원,원주시,차량단독,전도전복,전도전복,운전자법규위반,안전운전 의무 불이행,단일로,기타단일로,사륜오토바이(ATV),사륜오토바이(ATV),없음,없음,1029725,1920229,127.8353139,37.28051306
2017,2017-07-19,50,야간,수,1,2,1,0,0,경남,창녕군,차대차,기타,기타,운전자법규위반,안전운전 의무 불이행,단일로,기타단일로,승용차,승용차,이륜차,이륜차,1091614,1722492,128.5100629,35.49409108
2017,2017-07-20,18,야간,목,1,1,0,0,0,경기,평택시,차대사람,횡단중,횡단중,운전자법규위반,과속,교차로,교차로횡단보도내,승용차,승용차,보행자,보행자,965623,1888543,127.1136651,36.99473474
2017,2017-07-20,35,야간,목,1,1,0,0,0,서울,도봉구,차대차,측면충돌,측면충돌,운전자법규위반,안전운전 의무 불이행,교차로,교차로부근,승용차,승용차,자전거,자전거,959420,1963582,127.0398494,37.67086143
2017,2017-07-20,10,야간,목,1,1,0,0,0,충북,청주시,차대차,기타,기타,운전자법규위반,중앙선 침범,교차로,교차로횡단보도내,자전거,자전거,승용차,승용차,1000107,1852758,127.5011975,36.67277302
2017,2017-07-20,17,야간,목,1,1,0,0,0,강원,춘천시,차대사람,횡단중,횡단중,운전자법규위반,보행자 보호의무 위반,교차로,교차로부근,화물차,화물차,보행자,보행자,1021240,1987837,127.7415607,37.89012723
2017,2017-07-20,40,야간,목,1,1,0,0,0,전북,고창군,차대사람,길가장자리구역통행중,길가장자리구역통행중,운전자법규위반,안전운전 의무 불이행,단일로,기타단일로,화물차,화물차,보행자,보행자,912062,1723711,126.5303284,35.50541329
2017,2017-07-20,45,주간,목,1,1,0,0,0,경기,용인시,차대사람,횡단중,횡단중,운전자법규위반,안전운전 의무 불이행,교차로,교차로내,승용차,승용차,보행자,보행자,965613,1901971,127.1129385,37.11577624
2017,2017-07-20,0,주간,목,1,1,0,0,0,전남,해남군,차량단독,전도전복,전도전복,운전자법규위반,안전운전 의무 불이행,단일로,기타단일로,농기계,농기계,없음,없음,911214,1591935,126.5351885,34.31714993
2017,2017-07-20,10,주간,목,1,1,0,0,0,경남,밀양시,차대차,추돌,추돌,운전자법규위반,안전거리 미확보,단일로,기타단일로,화물차,화물차,화물차,화물차,1115821,1721585,128.7767676,35.48338598
2017,2017-07-20,30,주간,목,1,1,0,0,0,경북,예천군,차량단독,전도,전도,운전자법규위반,안전운전 의무 불이행,단일로,기타단일로,건설기계,건설기계,없음,없음,1076199,1841016,128.3515509,36.56387766
2017,2017-07-20,23,주간,목,1,1,0,0,0,전북,장수군,차량단독,전도전복,전도전복,운전자법규위반,안전운전 의무 불이행,단일로,기타단일로,건설기계,건설기계,없음,없음,1000972,1750339,127.5121771,35.74585767
2017,2017-07-20,50,야간,목,1,2,1,0,0,충남,천안시,차대차,정면충돌,정면충돌,운전자법규위반,중앙선 침범,단일로,기타단일로,승용차,승용차,승용차,승용차,983771,1861960,127.318183,36.7555889
2017,2017-07-20,40,야간,목,1,3,1,0,1,경기,화성시,차대차,추돌,추돌,운전자법규위반,안전운전 의무 불이행,단일로,기타단일로,승용차,승용차,화물차,화물차,952784,1910146,126.9680236,37.18890479
2017,2017-07-20,20,야간,목,1,1,0,0,0,경북,구미시,차량단독,전도전복,전도전복,운전자법규위반,안전운전 의무 불이행,단일로,기타단일로,이륜차,이륜차,없음,없음,1076529,1804458,128.351635,36.23430507
2017,2017-07-20,45,야간,목,1,2,1,0,0,대구,북구,차대차,측면충돌,측면충돌,운전자법규위반,신호위반,교차로,교차로내,화물차,화물차,화물차,화물차,1098945,1767815,128.5964555,35.90196304
2017,2017-07-20,40,야간,목,1,1,0,0,0,광주,서구,차대사람,횡단중,횡단중,운전자법규위반,안전운전 의무 불이행,교차로,교차로횡단보도내,승용차,승용차,보행자,보행자,944046,1683048,126.8857644,35.14109712
2017,2017-07-21,21,야간,금,1,1,0,0,0,경남,하동군,차량단독,전도전복,전도전복,운전자법규위반,안전운전 의무 불이행,단일로,기타단일로,화물차,화물차,없음,없음,1028400,1666796,127.8112105,34.99570517
2017,2017-07-21,0,야간,금,1,3,2,0,0,경기,평택시,차량단독,전도전복,전도전복,운전자법규위반,안전운전 의무 불이행,단일로,기타단일로,승용차,승용차,없음,없음,961995,1892510,127.0726939,37.03035421
2017,2017-07-21,9,야간,금,1,2,0,1,0,경북,군위군,차량단독,공작물충돌,공작물충돌,운전자법규위반,안전운전 의무 불이행,단일로,기타단일로,화물차,화물차,없음,없음,1095890,1806849,128.5673521,36.25413014
2017,2017-07-21,40,주간,금,1,1,0,0,0,전남,고흥군,차대사람,횡단중,횡단중,운전자법규위반,안전운전 의무 불이행,단일로,기타단일로,건설기계,건설기계,보행자,보행자,965968,1608878,127.1294134,34.47324728
2017,2017-07-21,10,주간,금,1,1,0,0,0,전북,정읍시,차대사람,횡단중,횡단중,운전자법규위반,과속,단일로,기타단일로,화물차,화물차,보행자,보행자,946003,1743331,126.9032525,35.68473601
2017,2017-07-21,8,주간,금,1,1,0,0,0,경기,파주시,차대사람,횡단중,횡단중,운전자법규위반,보행자 보호의무 위반,교차로,교차로횡단보도내,승합차,승합차,보행자,보행자,933860,1969575,126.7494898,37.72338713
2017,2017-07-21,40,주간,금,1,1,0,0,0,경북,문경시,차량단독,공작물충돌,공작물충돌,운전자법규위반,안전운전 의무 불이행,단일로,기타단일로,화물차,화물차,없음,없음,1058612,1847719,128.1555342,36.6255433
2017,2017-07-21,55,야간,금,1,1,0,0,0,대구,북구,차대사람,기타,기타,운전자법규위반,안전운전 의무 불이행,단일로,기타단일로,자전거,자전거,보행자,보행자,1100766,1770151,128.6169275,35.92283465
2017,2017-07-21,50,야간,금,1,1,0,0,0,경기,수원시,차대차,정면충돌,정면충돌,운전자법규위반,신호위반,교차로,교차로내,승용차,승용차,승합차,승합차,950577,1918875,126.9425798,37.26747072
2017,2017-07-22,25,야간,토,1,3,2,0,0,경기,김포시,차대차,측면충돌,측면충돌,운전자법규위반,안전운전 의무 불이행,교차로,교차로내,승용차,승용차,특수차,특수차,922861,1960724,126.6256302,37.6427584
2017,2017-07-22,44,야간,토,1,1,0,0,0,경기,화성시,차량단독,전도전복,전도전복,운전자법규위반,안전운전 의무 불이행,단일로,기타단일로,개인형이동수단(PM),개인형이동수단(PM),없음,없음,947402,1901345,126.9080068,37.10928726
2017,2017-07-22,27,야간,토,1,2,0,1,0,서울,용산구,차대사람,기타,기타,운전자법규위반,안전운전 의무 불이행,단일로,기타단일로,승용차,승용차,보행자,보행자,954630,1948816,126.9864516,37.53754894
2017,2017-07-22,0,야간,토,1,1,0,0,0,서울,서초구,차대사람,횡단중,횡단중,운전자법규위반,안전운전 의무 불이행,단일로,기타단일로,승용차,승용차,보행자,보행자,957842,1945085,127.0230215,37.50407275
2017,2017-07-22,50,주간,토,1,1,0,0,0,전남,영암군,차량단독,전도전복,전도전복,운전자법규위반,안전운전 의무 불이행,단일로,기타단일로,원동기장치자전거,원동기장치자전거,없음,없음,918544,1651874,126.608894,34.85827934
2017,2017-07-22,30,주간,토,1,1,0,0,0,경남,통영시,차대사람,기타,기타,운전자법규위반,안전운전 의무 불이행,교차로,교차로부근,건설기계,건설기계,보행자,보행자,1081620,1656885,128.3933888,34.90344796
2017,2017-07-22,35,주간,토,1,1,0,0,0,전남,영암군,차량단독,전도,전도,운전자법규위반,안전운전 의무 불이행,단일로,기타단일로,자전거,자전거,없음,없음,913497,1635706,126.5564082,34.71238066
2017,2017-07-22,50,주간,토,1,2,0,0,1,인천,옹진군,차량단독,공작물충돌,공작물충돌,운전자법규위반,안전운전 의무 불이행,교차로,교차로부근,자전거,자전거,없음,없음,894639,1917454,126.311972,37.25001366
2017,2017-07-22,10,주간,토,1,4,1,2,0,서울,도봉구,차대차,추돌,추돌,운전자법규위반,안전운전 의무 불이행,단일로,기타단일로,승용차,승용차,승용차,승용차,958084,1961514,127.0248193,37.65216224
2017,2017-07-22,0,야간,토,1,1,0,0,0,강원,영월군,차대사람,기타,기타,운전자법규위반,안전운전 의무 불이행,단일로,기타단일로,승용차,승용차,보행자,보행자,1077816,1913301,128.3770419,37.21529152
2017,2017-07-22,26,야간,토,1,1,0,0,0,서울,서초구,차대사람,횡단중,횡단중,운전자법규위반,안전운전 의무 불이행,단일로,기타단일로,승용차,승용차,보행자,보행자,956336,1944106,127.0060412,37.49517867
2017,2017-07-22,13,야간,토,1,3,2,0,0,강원,삼척시,차대차,추돌,추돌,운전자법규위반,과속,단일로,기타단일로,승용차,승용차,승합차,승합차,1151609,1934094,129.2127306,37.39355961
2017,2017-07-23,59,야간,일,1,1,0,0,0,제주,서귀포시,차대사람,횡단중,횡단중,운전자법규위반,안전운전 의무 불이행,교차로,교차로내,승용차,승용차,보행자,보행자,944341,1498189,126.9009605,33.47406224
2017,2017-07-23,0,주간,일,1,7,2,4,0,강원,인제군,차대차,기타,기타,운전자법규위반,과속,단일로,기타단일로,승합차,승합차,승합차,승합차,1059949,2008483,128.183499,38.07446846
2017,2017-07-23,45,주간,일,1,1,0,0,0,경북,의성군,차대차,측면충돌,측면충돌,운전자법규위반,앞지르기 금지위반,교차로,교차로내,특수차,특수차,이륜차,이륜차,1083518,1819013,128.4309595,36.36492938
2017,2017-07-23,20,주간,일,1,1,0,0,0,충북,영동군,차량단독,도로이탈,도로이탈 기타,운전자법규위반,안전운전 의무 불이행,단일로,기타단일로,승용차,승용차,없음,없음,1011750,1797754,127.630663,36.17682402
2017,2017-07-23,0,주간,일,1,3,0,2,0,서울,송파구,차대차,정면충돌,정면충돌,운전자법규위반,신호위반,교차로,교차로내,승용차,승용차,승용차,승용차,967917,1941806,127.1371513,37.47492275
2017,2017-07-23,36,주간,일,1,3,1,0,1,강원,양구군,차량단독,전도,전도,운전자법규위반,과속,단일로,터널안,승용차,승용차,없음,없음,1044858,2011815,128.0115995,38.10547993
2017,2017-07-23,32,주간,일,2,4,1,1,0,서울,은평구,차대차,기타,기타,운전자법규위반,신호위반,교차로,교차로내,이륜차,이륜차,승용차,승용차,949808,1956754,126.9313294,37.60884505
2017,2017-07-23,0,야간,일,1,1,0,0,0,전북,고창군,차대사람,기타,기타,운전자법규위반,부당한 회전,교차로,교차로내,화물차,화물차,보행자,보행자,918915,1718901,126.6063664,35.46263184
2017,2017-07-23,0,야간,일,2,2,0,0,0,충남,보령시,차대사람,길가장자리구역통행중,길가장자리구역통행중,운전자법규위반,안전운전 의무 불이행,단일로,기타단일로,승용차,승용차,보행자,보행자,915228,1832610,126.5535776,36.48738395
2017,2017-07-23,40,야간,일,1,2,0,1,0,충남,천안시,차량단독,공작물충돌,공작물충돌,운전자법규위반,안전운전 의무 불이행,단일로,기타단일로,승용차,승용차,없음,없음,964335,1866731,127.1002175,36.79806538
2017,2017-07-24,50,야간,월,1,1,0,0,0,경기,고양시,차량단독,전도전복,전도전복,운전자법규위반,안전운전 의무 불이행,단일로,기타단일로,승용차,승용차,없음,없음,940069,1956947,126.8209781,37.61000126
2017,2017-07-24,15,야간,월,1,1,0,0,0,경기,성남시,차대사람,횡단중,횡단중,운전자법규위반,안전운전 의무 불이행,교차로,교차로부근,승용차,승용차,보행자,보행자,966994,1938879,127.1268438,37.44850762
2017,2017-07-24,10,주간,월,1,1,0,0,0,전남,여수시,차량단독,기타,기타,운전자법규위반,기타(운전자법규위반),단일로,기타단일로,화물차,화물차,없음,없음,1027097,1623177,127.7955252,34.6024014
2017,2017-07-24,54,주간,월,1,1,0,0,0,경기,연천군,차대사람,횡단중,횡단중,운전자법규위반,안전운전 의무 불이행,교차로,교차로내,화물차,화물차,보행자,보행자,962067,2002844,127.0678033,38.02483831
2017,2017-07-24,38,주간,월,1,1,0,0,0,전남,여수시,차대사람,횡단중,횡단중,운전자법규위반,안전운전 의무 불이행,교차로,교차로내,승용차,승용차,보행자,보행자,1015839,1640790,127.6730806,34.76145796
2017,2017-07-24,50,주간,월,1,1,0,0,0,대구,동구,차량단독,기타,기타,운전자법규위반,안전운전 의무 불이행,단일로,기타단일로,화물차,화물차,없음,없음,1112634,1764492,128.7476494,35.87052894
2017,2017-07-24,10,주간,월,1,1,0,0,0,울산,중구,차대사람,횡단중,횡단중,운전자법규위반,보행자 보호의무 위반,교차로,교차로횡단보도내,화물차,화물차,보행자,보행자,1165000,1730305,129.3204648,35.55501988
2017,2017-07-24,30,주간,월,1,1,0,0,0,강원,강릉시,차량단독,전도,전도,운전자법규위반,안전운전 의무 불이행,단일로,기타단일로,이륜차,이륜차,없음,없음,1127405,1954335,128.9428884,37.57959194
2017,2017-07-24,30,주간,월,1,1,0,0,0,부산,사상구,차대사람,횡단중,횡단중,운전자법규위반,안전운전 의무 불이행,교차로,교차로부근,화물차,화물차,보행자,보행자,1134785,1689365,128.980454,35.19056704
2017,2017-07-24,18,야간,월,1,1,0,0,0,대구,달서구,차대사람,횡단중,횡단중,운전자법규위반,안전운전 의무 불이행,교차로,교차로횡단보도내,화물차,화물차,보행자,보행자,1089548,1762593,128.4917507,35.85579348
2017,2017-07-24,20,야간,월,1,1,0,0,0,경기,화성시,차량단독,공작물충돌,공작물충돌,운전자법규위반,안전운전 의무 불이행,단일로,기타단일로,승용차,승용차,없음,없음,958311,1912832,127.0301435,37.21337914
2017,2017-07-25,25,야간,화,1,1,0,0,0,경기,수원시,차대사람,횡단중,횡단중,운전자법규위반,과속,교차로,교차로부근,승용차,승용차,보행자,보행자,950869,1919591,126.9458257,37.27393992
2017,2017-07-25,0,야간,화,1,1,0,0,0,충남,서산시,차량단독,공작물충돌,공작물충돌,운전자법규위반,안전운전 의무 불이행,교차로,교차로부근,승용차,승용차,없음,없음,905803,1880022,126.4425309,36.91384417
2017,2017-07-25,5,야간,화,1,2,1,0,0,부산,사상구,차대차,측면충돌,측면충돌,운전자법규위반,중앙선 침범,단일로,기타단일로,이륜차,이륜차,승용차,승용차,1135755,1688901,128.9910286,35.186252
2017,2017-07-25,0,야간,화,1,1,0,0,0,경남,산청군,차량단독,전도전복,전도전복,운전자법규위반,안전운전 의무 불이행,단일로,기타단일로,화물차,화물차,없음,없음,1044535,1699099,127.9897565,35.2863962
2017,2017-07-25,40,주간,화,1,1,0,0,0,인천,남구,차대차,정면충돌,정면충돌,운전자법규위반,중앙선 침범,단일로,기타단일로,기타,기타,승용차,승용차,924082,1940080,126.6416053,37.45680459
2017,2017-07-25,35,주간,화,1,1,0,0,0,경북,경주시,차대사람,횡단중,횡단중,운전자법규위반,안전운전 의무 불이행,단일로,기타단일로,화물차,화물차,보행자,보행자,1153623,1764802,129.2015895,35.86775051
2017,2017-07-25,35,주간,화,1,1,0,0,0,서울,양천구,차대사람,차도통행중,차도통행중,운전자법규위반,안전운전 의무 불이행,단일로,기타단일로,승용차,승용차,보행자,보행자,942847,1946209,126.8532883,37.51339661
2017,2017-07-25,40,야간,화,1,1,0,0,0,경북,의성군,차대차,측면충돌,측면충돌,운전자법규위반,안전운전 의무 불이행,교차로,교차로내,승용차,승용차,원동기장치자전거,원동기장치자전거,1107623,1817696,128.6994241,36.35066319
2017,2017-07-25,5,야간,화,1,1,0,0,0,경남,창녕군,차대차,추돌,추돌,운전자법규위반,안전운전 의무 불이행,단일로,기타단일로,특수차,특수차,이륜차,이륜차,1091830,1714382,128.5115283,35.42095664
2017,2017-07-25,35,야간,화,1,1,0,0,0,서울,강서구,차대사람,기타,기타,운전자법규위반,안전운전 의무 불이행,단일로,기타단일로,자전거,자전거,보행자,보행자,944374,1951189,126.8701886,37.55837502
2017,2017-07-25,55,야간,화,1,1,0,0,0,충남,금산군,차대차,기타,기타,운전자법규위반,안전운전 의무 불이행,단일로,기타단일로,승용차,승용차,자전거,자전거,999780,1792079,127.4975551,36.1257311
2017,2017-07-25,55,야간,화,1,1,0,0,0,경북,상주시,차대차,추돌,추돌,운전자법규위반,안전거리 미확보,단일로,기타단일로,화물차,화물차,화물차,화물차,1067451,1822735,128.2522024,36.39974292
2017,2017-07-25,0,야간,화,1,1,0,0,0,경북,칠곡군,차대차,추돌,추돌,운전자법규위반,안전운전 의무 불이행,단일로,기타단일로,승용차,승용차,이륜차,이륜차,1089443,1771068,128.4915403,35.93220309
2017,2017-07-26,29,야간,수,1,1,0,0,0,서울,영등포구,차대사람,길가장자리구역통행중,길가장자리구역통행중,운전자법규위반,안전운전 의무 불이행,단일로,기타단일로,화물차,화물차,보행자,보행자,947089,1948596,126.9011139,37.53516402
2017,2017-07-26,47,야간,수,1,1,0,0,0,서울,성북구,차대사람,기타,기타,운전자법규위반,안전운전 의무 불이행,단일로,기타단일로,승용차,승용차,보행자,보행자,957811,1955829,127.0220528,37.60090993
2017,2017-07-26,9,야간,수,1,2,0,1,0,충남,서천군,차대차,추돌,추돌,운전자법규위반,안전운전 의무 불이행,단일로,기타단일로,승용차,승용차,화물차,화물차,921375,1793024,126.6261882,36.13106366
2017,2017-07-26,10,주간,수,1,2,1,0,0,경기,남양주시,차대차,기타,기타,운전자법규위반,과속,단일로,기타단일로,승용차,승용차,화물차,화물차,966038,1964024,127.1148709,37.67511415
2017,2017-07-26,15,주간,수,2,4,0,2,0,경북,경주시,차대차,측면충돌,측면충돌,운전자법규위반,안전운전 의무 불이행,단일로,기타단일로,승합차,승합차,화물차,화물차,1155503,1778406,129.2250665,35.9900525
2017,2017-07-26,18,주간,수,1,1,0,0,0,충남,당진시,차량단독,공작물충돌,공작물충돌,운전자법규위반,안전운전 의무 불이행,단일로,기타단일로,승용차,승용차,없음,없음,924758,1870893,126.6562044,36.83326218
2017,2017-07-26,30,주간,수,1,1,0,0,0,강원,영월군,차대차,측면충돌,측면충돌,운전자법규위반,중앙선 침범,단일로,기타단일로,화물차,화물차,승용차,승용차,1099474,1903127,128.6197513,37.12154013
2017,2017-07-26,35,주간,수,1,2,1,0,0,제주,서귀포시,차대차,측면충돌,측면충돌,운전자법규위반,안전운전 의무 불이행,단일로,기타단일로,화물차,화물차,승용차,승용차,923097,1482352,126.6736894,33.32991489
2017,2017-07-26,44,야간,수,1,1,0,0,0,전남,해남군,차량단독,전도전복,전도전복,운전자법규위반,안전운전 의무 불이행,단일로,기타단일로,농기계,농기계,없음,없음,909270,1621024,126.5107168,34.5793412
2017,2017-07-26,20,야간,수,1,1,0,0,0,전북,익산시,차대사람,횡단중,횡단중,운전자법규위반,안전운전 의무 불이행,교차로,교차로내,승용차,승용차,보행자,보행자,945601,1779828,126.8960206,36.01388357
2017,2017-07-26,48,야간,수,1,2,0,1,0,전남,강진군,차대차,정면충돌,정면충돌,운전자법규위반,중앙선 침범,단일로,기타단일로,승용차,승용차,승용차,승용차,925699,1620154,126.6910384,34.57265287
2017,2017-07-26,8,야간,수,1,1,0,0,0,강원,강릉시,차대사람,횡단중,횡단중,운전자법규위반,안전운전 의무 불이행,교차로,교차로부근,승용차,승용차,보행자,보행자,1118283,1982747,128.8441006,37.83698535
2017,2017-07-27,24,야간,목,1,1,0,0,0,경북,김천시,차대사람,횡단중,횡단중,운전자법규위반,안전운전 의무 불이행,단일로,기타단일로,승용차,승용차,보행자,보행자,1069016,1795788,128.2672725,36.15671231
2017,2017-07-27,47,야간,목,1,1,0,0,0,부산,사상구,차량단독,주/정차차량 충돌,주/정차차량 충돌,운전자법규위반,안전운전 의무 불이행,단일로,기타단일로,승용차,승용차,승합차,승합차,1135940,1683691,128.9921798,35.13926542
2017,2017-07-27,28,주간,목,1,1,0,0,0,인천,남동구,차량단독,전도,전도,운전자법규위반,안전운전 의무 불이행,단일로,기타단일로,화물차,화물차,없음,없음,933125,1938669,126.7439726,37.44478574
2017,2017-07-27,10,주간,목,2,3,1,0,0,충북,단양군,차대차,정면충돌,정면충돌,운전자법규위반,중앙선 침범,단일로,기타단일로,화물차,화물차,건설기계,건설기계,1076246,1889232,128.3569011,36.99848122
2017,2017-07-27,35,주간,목,1,1,0,0,0,경남,창녕군,차대차,기타,기타,운전자법규위반,신호위반,교차로,교차로내,승용차,승용차,이륜차,이륜차,1091985,1718606,128.5137127,35.45902326
2017,2017-07-27,20,야간,목,1,2,0,1,0,경남,밀양시,차대차,측면충돌,측면충돌,운전자법규위반,안전운전 의무 불이행,단일로,기타단일로,승용차,승용차,승용차,승용차,1115880,1717112,128.7767803,35.44305722
2017,2017-07-27,22,야간,목,1,1,0,0,0,전남,목포시,차량단독,기타,기타,운전자법규위반,안전운전 의무 불이행,기타,기타,자전거,자전거,없음,없음,901941,1648046,126.4277353,34.82229932
2017,2017-07-27,5,야간,목,1,1,0,0,0,경기,고양시,차대사람,횡단중,횡단중,운전자법규위반,신호위반,교차로,교차로내,승합차,승합차,보행자,보행자,940901,1959237,126.830219,37.63069459
2017,2017-07-28,28,야간,금,1,1,0,0,0,서울,동대문구,차대차,측면충돌,측면충돌,운전자법규위반,과속,단일로,기타단일로,승용차,승용차,자전거,자전거,961568,1952419,127.0647926,37.57033935
2017,2017-07-28,22,주간,금,1,4,3,0,0,경기,안산시,차대차,기타,기타,운전자법규위반,과속,단일로,기타단일로,승용차,승용차,화물차,화물차,944645,1926467,126.8751129,37.3355668
2017,2017-07-28,30,주간,금,1,1,0,0,0,경기,구리시,차대사람,횡단중,횡단중,운전자법규위반,안전운전 의무 불이행,단일로,기타단일로,승용차,승용차,보행자,보행자,967606,1956404,127.1329897,37.60648979
2017,2017-07-28,0,주간,금,1,1,0,0,0,전북,부안군,차량단독,전도,전도,운전자법규위반,안전운전 의무 불이행,교차로,교차로내,이륜차,이륜차,없음,없음,939129,1744026,126.8272363,35.69060148
2017,2017-07-28,25,주간,금,1,1,0,0,0,강원,횡성군,차대사람,길가장자리구역통행중,길가장자리구역통행중,운전자법규위반,안전운전 의무 불이행,단일로,기타단일로,승합차,승합차,보행자,보행자,1066447,1953280,128.2525101,37.57650367