발생년,발생년월일시분,발생분,주야,요일,사망자수,사상자수,중상자수,경상자수,부상신고자수,발생지시도,발생지시군구,사고유형_대분류,사고유형_중분류,사고유형,법규위반_대분류,법규위반,도로형태_대분류,도로형태,당사자종별_1당_대분류,당사자종별_1당,당사자종별_2당_대분류,당사자종별_2당,발생위치X_UTMK,발생위치Y_UTMK,경도,위도
2017,2017-08-20,15,주간,일,1,2,1,0,0,충남,부여군,차대차,정면충돌,정면충돌,운전자법규위반,안전운전 의무 불이행,단일로,기타단일로,승합차,승합차,화물차,화물차,935277,1805590,126.7796415,36.2453729
2017,2017-08-20,10,주간,일,1,1,0,0,0,충북,진천군,차량단독,전도전복,전도전복,운전자법규위반,안전운전 의무 불이행,단일로,기타단일로,승용차,승용차,없음,없음,1005222,1865331,127.5585264,36.78610222
2017,2017-08-20,50,주간,일,1,2,1,0,0,경기,파주시,차대차,측면충돌,측면충돌,운전자법규위반,교차로 통행방법 위반,교차로,교차로내,승용차,승용차,원동기장치자전거,원동기장치자전거,934637,1969679,126.7582967,37.72438024
2017,2017-08-20,55,야간,일,1,1,0,0,0,경북,김천시,차대차,추돌,추돌,운전자법규위반,안전운전 의무 불이행,단일로,기타단일로,화물차,화물차,화물차,화물차,1046243,1797919,128.0142348,36.17727852
2017,2017-08-20,35,야간,일,1,4,3,0,0,전북,임실군,차대차,정면충돌,정면충돌,운전자법규위반,중앙선 침범,단일로,기타단일로,화물차,화물차,승용차,승용차,983496,1733218,127.3178092,35.59489357
2017,2017-08-21,35,야간,월,1,1,0,0,0,울산,중구,차대사람,횡단중,횡단중,운전자법규위반,안전운전 의무 불이행,단일로,기타단일로,승용차,승용차,보행자,보행자,1163559,1730200,129.3045519,35.55431257
2017,2017-08-21,9,야간,월,1,1,0,0,0,경기,군포시,차대차,추돌,추돌,운전자법규위반,안전운전 의무 불이행,단일로,기타단일로,승용차,승용차,화물차,화물차,948382,1925029,126.9173969,37.32282073
2017,2017-08-21,59,야간,월,1,1,0,0,0,부산,부산진구,차대사람,기타,기타,운전자법규위반,안전운전 의무 불이행,단일로,기타단일로,승용차,승용차,보행자,보행자,1142363,1686420,129.0631541,35.16297358
2017,2017-08-21,45,야간,월,1,1,0,0,0,서울,동대문구,차대사람,보도통행중,보도통행중,운전자법규위반,안전운전 의무 불이행,교차로,교차로횡단보도내,화물차,화물차,보행자,보행자,960581,1953899,127.0535364,37.58363726
2017,2017-08-21,30,주간,월,1,1,0,0,0,경기,양평군,차대차,추돌,추돌,운전자법규위반,중앙선 침범,불명,불명,승용차,승용차,이륜차,이륜차,1012436,1941746,127.6406474,37.47485534
2017,2017-08-21,25,주간,월,1,1,0,0,0,충남,서산시,차대사람,횡단중,횡단중,운전자법규위반,안전운전 의무 불이행,교차로,교차로내,화물차,화물차,보행자,보행자,907553,1865174,126.463981,36.78018968
2017,2017-08-21,10,주간,월,1,1,0,0,0,서울,성북구,차대사람,횡단중,횡단중,운전자법규위반,보행자 보호의무 위반,단일로,기타단일로,승용차,승용차,보행자,보행자,959178,1957125,127.0374663,37.61265275
2017,2017-08-21,35,주간,월,1,1,0,0,0,경남,김해시,차량단독,전도전복,전도전복,운전자법규위반,안전운전 의무 불이행,단일로,기타단일로,화물차,화물차,없음,없음,1121781,1698593,128.8390234,35.27541395
2017,2017-08-21,0,주간,월,1,1,0,0,0,부산,수영구,차대사람,차도통행중,차도통행중,운전자법규위반,안전운전 의무 불이행,단일로,기타단일로,승합차,승합차,보행자,보행자,1146853,1686405,129.1124348,35.1621923
2017,2017-08-21,35,주간,월,1,1,0,0,0,전남,무안군,차대사람,횡단중,횡단중,운전자법규위반,안전운전 의무 불이행,단일로,기타단일로,승합차,승합차,보행자,보행자,908619,1651989,126.5003185,34.85847221
2017,2017-08-21,55,주간,월,1,1,0,0,0,경북,청도군,차량단독,전도,전도,운전자법규위반,안전운전 의무 불이행,단일로,기타단일로,승용차,승용차,없음,없음,1123708,1744120,128.8671385,35.68556541
2017,2017-08-21,1,야간,월,1,1,0,0,0,경북,군위군,차대차,측면충돌,측면충돌,운전자법규위반,안전운전 의무 불이행,기타,기타,이륜차,이륜차,화물차,화물차,1104993,1789607,128.6663535,36.09776721
2017,2017-08-21,38,야간,월,1,1,0,0,0,제주,서귀포시,차대사람,기타,기타,운전자법규위반,보행자 보호의무 위반,단일로,기타단일로,승용차,승용차,보행자,보행자,900595,1474396,126.4328153,33.25632114
2017,2017-08-21,43,야간,월,1,1,0,0,0,전북,전주시,차대사람,기타,기타,운전자법규위반,안전운전 의무 불이행,교차로,교차로부근,이륜차,이륜차,보행자,보행자,965303,1759711,127.115757,35.83314087
2017,2017-08-21,21,야간,월,1,1,0,0,0,경남,창원시(통합),차대사람,기타,기타,운전자법규위반,안전운전 의무 불이행,단일로,기타단일로,승용차,승용차,보행자,보행자,1101232,1696797,128.6129005,35.26151215
2017,2017-08-21,40,야간,월,1,2,0,1,0,세종,세종,차대차,추돌,추돌,운전자법규위반,안전운전 의무 불이행,단일로,기타단일로,화물차,화물차,화물차,화물차,978966,1827169,127.2653038,36.44185488
2017,2017-08-22,15,야간,화,1,1,0,0,0,경기,고양시,차대사람,횡단중,횡단중,운전자법규위반,안전운전 의무 불이행,교차로,교차로부근,승용차,승용차,보행자,보행자,943956,1965549,126.8643551,37.68777526
2017,2017-08-22,0,주간,화,1,1,0,0,0,충북,청주시,차대사람,횡단중,횡단중,운전자법규위반,안전운전 의무 불이행,단일로,기타단일로,승용차,승용차,보행자,보행자,984626,1846811,127.328066,36.61903697
2017,2017-08-22,44,주간,화,1,1,0,0,0,부산,부산진구,차대사람,횡단중,횡단중,운전자법규위반,안전운전 의무 불이행,단일로,기타단일로,승합차,승합차,보행자,보행자,1140172,1687149,129.0392284,35.16985273
2017,2017-08-22,50,주간,화,1,1,0,0,0,전남,곡성군,차량단독,공작물충돌,공작물충돌,운전자법규위반,안전운전 의무 불이행,단일로,기타단일로,승용차,승용차,없음,없음,977744,1683742,127.2556606,35.14866544
2017,2017-08-22,42,주간,화,1,1,0,0,0,경북,고령군,차량단독,도로이탈,도로이탈 추락,운전자법규위반,안전운전 의무 불이행,단일로,기타단일로,건설기계,건설기계,없음,없음,1074789,1749573,128.327093,35.73965219
2017,2017-08-22,10,주간,화,1,1,0,0,0,전남,영암군,차량단독,공작물충돌,공작물충돌,운전자법규위반,안전운전 의무 불이행,단일로,기타단일로,이륜차,이륜차,없음,없음,922519,1647393,126.6526501,34.81830355
2017,2017-08-22,1,주간,화,1,1,0,0,0,경남,창원시(통합),차량단독,도로이탈,도로이탈 기타,운전자법규위반,안전운전 의무 불이행,단일로,기타단일로,이륜차,이륜차,없음,없음,1096910,1681335,128.5635754,35.12254069
2017,2017-08-22,5,주간,화,1,1,0,0,0,전남,해남군,차량단독,전도전복,전도전복,운전자법규위반,안전운전 의무 불이행,단일로,기타단일로,승용차,승용차,없음,없음,912643,1607893,126.5488883,34.46122595
2017,2017-08-22,24,주간,화,1,1,0,0,0,대전,서구,차대사람,횡단중,횡단중,운전자법규위반,안전운전 의무 불이행,단일로,기타단일로,승용차,승용차,보행자,보행자,990601,1816705,127.3952528,36.34770307
2017,2017-08-22,0,주간,화,1,1,0,0,0,대구,북구,차량단독,전도전복,전도전복,운전자법규위반,안전운전 의무 불이행,단일로,교량위,자전거,자전거,없음,없음,1094779,1767087,128.5502106,35.89581303
2017,2017-08-22,0,야간,화,1,1,0,0,0,전북,군산시,차대사람,횡단중,횡단중,운전자법규위반,보행자 보호의무 위반,교차로,교차로횡단보도내,승용차,승용차,보행자,보행자,928038,1774693,126.7019017,35.96632714
2017,2017-08-22,0,야간,화,1,1,0,0,0,경기,화성시,차량단독,도로이탈,도로이탈 추락,운전자법규위반,안전운전 의무 불이행,기타,기타,농기계,농기계,없음,없음,938988,1920030,126.8117856,37.27719362
2017,2017-08-22,53,야간,화,1,1,0,0,0,부산,동구,차대사람,횡단중,횡단중,운전자법규위반,안전운전 의무 불이행,단일로,기타단일로,승용차,승용차,보행자,보행자,1140849,1681353,129.0456719,35.11751328
2017,2017-08-22,28,야간,화,1,1,0,0,0,전남,담양군,차대사람,차도통행중,차도통행중,운전자법규위반,안전운전 의무 불이행,단일로,기타단일로,승용차,승용차,보행자,보행자,953647,1704471,126.9899474,35.33475089
2017,2017-08-22,46,야간,화,1,1,0,0,0,경기,시흥시,차대차,추돌,추돌,운전자법규위반,안전운전 의무 불이행,단일로,기타단일로,승용차,승용차,화물차,화물차,944160,1932388,126.8691916,37.38890569
2017,2017-08-23,55,야간,수,1,1,0,0,0,경기,평택시,차대사람,기타,기타,운전자법규위반,안전운전 의무 불이행,단일로,기타단일로,승용차,승용차,보행자,보행자,947344,1888272,126.9082696,36.99144567
2017,2017-08-23,55,야간,수,1,3,0,2,0,제주,제주시,차대차,측면충돌,측면충돌,운전자법규위반,신호위반,교차로,교차로내,승용차,승용차,화물차,화물차,905675,1497374,126.484942,33.46400287
2017,2017-08-23,50,주간,수,1,1,0,0,0,경기,이천시,차대차,측면충돌,측면충돌,운전자법규위반,안전운전 의무 불이행,단일로,기타단일로,자전거,자전거,화물차,화물차,1007291,1905366,127.5821017,37.14698291
2017,2017-08-23,49,주간,수,1,1,0,0,0,경기,광주시,차대차,측면충돌,측면충돌,운전자법규위반,안전운전 의무 불이행,교차로,교차로내,화물차,화물차,이륜차,이륜차,984357,1940731,127.3231042,37.46565773
2017,2017-08-23,30,주간,수,1,1,0,0,0,전남,여수시,차대차,측면충돌,측면충돌,운전자법규위반,신호위반,교차로,교차로횡단보도내,화물차,화물차,자전거,자전거,1019923,1637421,127.7176204,34.73101637
2017,2017-08-23,2,주간,수,1,2,1,0,0,제주,제주시,차대사람,보도통행중,보도통행중,운전자법규위반,과속,교차로,교차로내,승용차,승용차,보행자,보행자,889241,1496249,126.3082608,33.45228386
2017,2017-08-23,55,주간,수,1,3,0,2,0,경기,부천시,차대차,측면충돌,측면충돌,운전자법규위반,교차로 통행방법 위반,교차로,교차로내,자전거,자전거,승용차,승용차,936800,1943167,126.7851299,37.48558474
2017,2017-08-23,50,주간,수,1,1,0,0,0,서울,성동구,차대차,측면충돌,측면충돌,운전자법규위반,안전운전 의무 불이행,교차로,교차로내,승용차,승용차,이륜차,이륜차,959805,1949652,127.0449804,37.54532428
2017,2017-08-23,46,야간,수,1,1,0,0,0,경기,광주시,차대차,측면충돌,측면충돌,운전자법규위반,부당한 회전,교차로,교차로부근,자전거,자전거,승용차,승용차,974183,1927027,127.2085334,37.3419058
2017,2017-08-23,30,야간,수,1,1,0,0,0,경기,과천시,차대사람,기타,기타,운전자법규위반,안전운전 의무 불이행,단일로,기타단일로,화물차,화물차,보행자,보행자,954496,1934822,126.9857998,37.41140964
2017,2017-08-24,59,야간,목,1,1,0,0,0,경기,오산시,차대사람,기타,기타,운전자법규위반,안전운전 의무 불이행,단일로,기타단일로,승용차,승용차,보행자,보행자,962252,1906571,127.0748759,37.15711098
2017,2017-08-24,35,야간,목,1,1,0,0,0,서울,동대문구,차대사람,기타,기타,운전자법규위반,안전운전 의무 불이행,단일로,기타단일로,화물차,화물차,보행자,보행자,962031,1954751,127.0699146,37.59137755
2017,2017-08-24,30,야간,목,1,1,0,0,0,경북,의성군,차량단독,전복,전복,운전자법규위반,안전운전 의무 불이행,단일로,기타단일로,이륜차,이륜차,없음,없음,1083171,1833351,128.4286302,36.49420377
2017,2017-08-24,30,야간,목,1,1,0,0,0,충북,제천시,차대사람,횡단중,횡단중,운전자법규위반,신호위반,교차로,교차로부근,화물차,화물차,보행자,보행자,1063405,1903431,128.2137952,37.12741988
2017,2017-08-24,28,주간,목,1,1,0,0,0,경남,거창군,차대차,측면충돌,측면충돌,운전자법규위반,안전운전 의무 불이행,교차로,교차로내,승용차,승용차,이륜차,이륜차,1038533,1743439,127.9258575,35.68643556
2017,2017-08-24,40,주간,목,1,1,0,0,0,대구,북구,차대사람,횡단중,횡단중,운전자법규위반,안전운전 의무 불이행,교차로,교차로횡단보도내,건설기계,건설기계,보행자,보행자,1094926,1766857,128.5518118,35.89372542
2017,2017-08-24,28,주간,목,1,1,0,0,0,전남,영광군,차대사람,차도통행중,차도통행중,운전자법규위반,안전운전 의무 불이행,단일로,기타단일로,화물차,화물차,보행자,보행자,909031,1697848,126.4997938,35.2719727
2017,2017-08-24,57,주간,목,1,3,2,0,0,전남,구례군,차량단독,기타,기타,운전자법규위반,안전운전 의무 불이행,단일로,기타단일로,화물차,화물차,없음,없음,1007144,1689509,127.5784813,35.20088845
2017,2017-08-24,45,주간,목,1,2,1,0,0,대구,달성군,차대차,추돌,추돌,운전자법규위반,안전운전 의무 불이행,단일로,기타단일로,특수차,특수차,건설기계,건설기계,1087447,1771239,128.4694349,35.93392532
2017,2017-08-24,15,야간,목,1,1,0,0,0,전남,여수시,차량단독,전도전복,전도전복,운전자법규위반,안전운전 의무 불이행,단일로,기타단일로,화물차,화물차,없음,없음,1025711,1627566,127.7728817,34.63870006
2017,2017-08-24,30,야간,목,1,3,1,1,0,제주,제주시,차대차,기타,기타,운전자법규위반,안전운전 의무 불이행,단일로,기타단일로,승용차,승용차,화물차,화물차,877240,1481088,126.1812272,33.31426251
2017,2017-08-24,40,야간,목,1,1,0,0,0,전남,보성군,차대차,정면충돌,정면충돌,운전자법규위반,중앙선 침범,단일로,기타단일로,사륜오토바이(ATV),사륜오토바이(ATV),화물차,화물차,960331,1649149,127.0661434,34.8361974
2017,2017-08-25,40,주간,금,2,5,0,3,0,경기,남양주시,차대차,측면충돌,측면충돌,운전자법규위반,신호위반,교차로,교차로부근,화물차,화물차,승용차,승용차,973382,1967080,127.198039,37.70290119
2017,2017-08-25,15,주간,금,1,1,0,0,0,강원,철원군,차대차,측면충돌,측면충돌,운전자법규위반,안전운전 의무 불이행,단일로,기타단일로,원동기장치자전거,원동기장치자전거,화물차,화물차,977142,2019259,127.2390353,38.17328691
2017,2017-08-25,54,주간,금,1,1,0,0,0,충남,태안군,차량단독,도로이탈,도로이탈 추락,운전자법규위반,안전운전 의무 불이행,단일로,기타단일로,승용차,승용차,없음,없음,898600,1828428,126.3685152,36.44807289
2017,2017-08-25,30,주간,금,1,1,0,0,0,강원,인제군,차대사람,횡단중,횡단중,운전자법규위반,안전운전 의무 불이행,단일로,기타단일로,화물차,화물차,보행자,보행자,1068698,1996064,128.282051,37.96192567
2017,2017-08-25,45,주간,금,1,4,3,0,0,경기,가평군,차대차,정면충돌,정면충돌,운전자법규위반,안전운전 의무 불이행,단일로,기타단일로,승합차,승합차,승용차,승용차,997347,1964967,127.4699112,37.68423874
2017,2017-08-25,50,주간,금,1,1,0,0,0,경기,부천시,차대차,측면충돌,측면충돌,운전자법규위반,신호위반,교차로,교차로내,승합차,승합차,이륜차,이륜차,939767,1943330,126.8186747,37.48725216
2017,2017-08-25,40,주간,금,1,1,0,0,0,서울,동작구,차대차,측면충돌,측면충돌,운전자법규위반,신호위반,교차로,교차로내,화물차,화물차,원동기장치자전거,원동기장치자전거,948771,1944670,126.9204249,37.4998733
2017,2017-08-25,42,야간,금,1,2,1,0,0,충남,천안시,차대차,정면충돌,정면충돌,운전자법규위반,중앙선 침범,교차로,교차로부근,화물차,화물차,화물차,화물차,974074,1863234,127.2095032,36.76685801
2017,2017-08-25,45,야간,금,1,2,0,1,0,충남,논산시,차대차,추돌,추돌,운전자법규위반,과속,단일로,고가도로위,화물차,화물차,이륜차,이륜차,960598,1797582,127.0618537,36.1745429
2017,2017-08-25,25,야간,금,1,1,0,0,0,전북,남원시,차대사람,횡단중,횡단중,운전자법규위반,안전운전 의무 불이행,교차로,교차로횡단보도내,승용차,승용차,보행자,보행자,989074,1711367,127.3796798,35.39794744
2017,2017-08-25,10,야간,금,1,1,0,0,0,강원,원주시,차대차,측면충돌,측면충돌,운전자법규위반,신호위반,교차로,교차로내,승용차,승용차,이륜차,이륜차,1040582,1924369,127.9580098,37.31741945
2017,2017-08-25,18,야간,금,1,1,0,0,0,서울,노원구,차대사람,차도통행중,차도통행중,운전자법규위반,안전운전 의무 불이행,단일로,기타단일로,승용차,승용차,보행자,보행자,962730,1959930,127.0775682,37.63808573
2017,2017-08-25,40,야간,금,1,2,1,0,0,대전,유성구,차대차,추돌,추돌,운전자법규위반,안전운전 의무 불이행,단일로,기타단일로,화물차,화물차,특수차,특수차,983117,1822080,127.311731,36.39605828
2017,2017-08-26,0,야간,토,1,1,0,0,0,서울,강남구,차대차,정면충돌,정면충돌,운전자법규위반,신호위반,교차로,교차로부근,이륜차,이륜차,승용차,승용차,963995,1942882,127.0927431,37.48447671
2017,2017-08-26,34,야간,토,1,1,0,0,0,대구,동구,차대사람,횡단중,횡단중,운전자법규위반,과속,교차로,교차로부근,승용차,승용차,보행자,보행자,1107595,1764449,128.692058,35.87048856
2017,2017-08-26,10,야간,토,1,1,0,0,0,부산,북구,차량단독,공작물충돌,공작물충돌,운전자법규위반,안전운전 의무 불이행,단일로,기타단일로,이륜차,이륜차,없음,없음,1136911,1691910,129.0042159,35.21321561
2017,2017-08-26,30,주간,토,1,1,0,0,0,충남,논산시,차대사람,차도통행중,차도통행중,운전자법규위반,안전운전 의무 불이행,단일로,기타단일로,승용차,승용차,보행자,보행자,971569,1814602,127.1832294,36.32836976
2017,2017-08-26,14,주간,토,1,1,0,0,0,서울,동대문구,차량단독,기타,기타,운전자법규위반,안전운전 의무 불이행,단일로,기타단일로,이륜차,이륜차,없음,없음,958673,1952444,127.0320089,37.57043928
2017,2017-08-26,55,주간,토,1,3,2,0,0,경북,봉화군,차대차,정면충돌,정면충돌,운전자법규위반,중앙선 침범,단일로,기타단일로,화물차,화물차,화물차,화물차,1122149,1875174,128.8704087,36.86694679
2017,2017-08-26,0,주간,토,1,1,0,0,0,경북,안동시,차대차,기타,기타,운전자법규위반,안전운전 의무 불이행,단일로,기타단일로,자전거,자전거,승용차,승용차,1110260,1840923,128.732114,36.55971357
2017,2017-08-26,50,주간,토,1,1,0,0,0,경기,평택시,차대사람,기타,기타,운전자법규위반,안전운전 의무 불이행,교차로,교차로부근,화물차,화물차,보행자,보행자,964403,1888637,127.0999504,36.99553666
2017,2017-08-26,36,야간,토,1,1,0,0,0,대전,동구,차대차,기타,기타,운전자법규위반,안전운전 의무 불이행,교차로,교차로부근,승용차,승용차,승용차,승용차,995735,1813377,127.4524869,36.31773614
2017,2017-08-26,15,야간,토,1,1,0,0,0,제주,제주시,차대사람,차도통행중,차도통행중,운전자법규위반,안전운전 의무 불이행,기타,기타,승용차,승용차,보행자,보행자,886721,1494680,126.2813494,33.43787155
2017,2017-08-26,16,야간,토,1,1,0,0,0,전남,순천시,차대사람,기타,기타,운전자법규위반,안전운전 의무 불이행,단일로,기타단일로,승용차,승용차,보행자,보행자,999380,1661222,127.493221,34.94589091
2017,2017-08-26,50,야간,토,1,2,1,0,0,경남,진주시,차대차,정면충돌,정면충돌,운전자법규위반,중앙선 침범,단일로,기타단일로,승용차,승용차,승용차,승용차,1073216,1685126,128.3038991,35.15872446
2017,2017-08-26,0,야간,토,1,1,0,0,0,인천,동구,차대사람,횡단중,횡단중,운전자법규위반,안전운전 의무 불이행,교차로,교차로부근,화물차,화물차,보행자,보행자,924473,1943407,126.6456846,37.48682189
2017,2017-08-26,5,야간,토,1,1,0,0,0,강원,홍천군,차량단독,기타,기타,운전자법규위반,안전운전 의무 불이행,단일로,터널안,이륜차,이륜차,없음,없음,953936,1952044,127.7979935,37.63927146
2017,2017-08-27,30,야간,일,1,1,0,0,0,충남,아산시,차대차,추돌,추돌,운전자법규위반,안전운전 의무 불이행,기타,기타,승용차,승용차,화물차,화물차,952665,1869604,126.9692298,36.82345193
2017,2017-08-27,45,야간,일,1,1,0,0,0,경북,경산시,차대차,정면충돌,정면충돌,운전자법규위반,안전운전 의무 불이행,교차로,교차로내,승용차,승용차,원동기장치자전거,원동기장치자전거,1119391,1764941,128.8225467,35.87377553
2017,2017-08-27,12,주간,일,1,1,0,0,0,대구,달성군,차량단독,공작물충돌,공작물충돌,운전자법규위반,안전운전 의무 불이행,단일로,기타단일로,자전거,자전거,없음,없음,1086184,1761521,128.4543831,35.84643122
2017,2017-08-27,3,주간,일,1,1,0,0,0,서울,강동구,차대사람,기타,기타,운전자법규위반,기타(운전자법규위반),교차로,교차로횡단보도내,자전거,자전거,보행자,보행자,969628,1950337,127.1559185,37.55208937
2017,2017-08-27,50,주간,일,1,3,0,2,0,강원,춘천시,차대차,측면충돌,측면충돌,운전자법규위반,중앙선 침범,단일로,기타단일로,승용차,승용차,승합차,승합차,1009715,1970612,127.6102571,37.73507135
2017,2017-08-27,40,야간,일,1,2,0,0,1,세종,세종,차대사람,차도통행중,차도통행중,운전자법규위반,안전운전 의무 불이행,단일로,기타단일로,승용차,승용차,보행자,보행자,973317,1832883,127.2020762,36.4932267
2017,2017-08-27,30,야간,일,1,1,0,0,0,경기,과천시,차대사람,차도통행중,차도통행중,운전자법규위반,안전운전 의무 불이행,단일로,기타단일로,승용차,승용차,보행자,보행자,956265,1938761,127.0055555,37.44699882
2017,2017-08-27,15,야간,일,1,1,0,0,0,경남,창원시(통합),차대차,기타,기타,운전자법규위반,안전운전 의무 불이행,단일로,기타단일로,화물차,화물차,이륜차,이륜차,1095495,1693934,128.5495075,35.23626424
2017,2017-08-28,5,야간,월,1,1,0,0,0,서울,광진구,차대차,측면충돌,측면충돌,운전자법규위반,안전거리 미확보,기타,기타,개인형이동수단(PM),개인형이동수단(PM),승용차,승용차,962376,1951370,127.073996,37.56091775
2017,2017-08-28,30,야간,월,1,1,0,0,0,전북,전주시,차대사람,기타,기타,운전자법규위반,안전운전 의무 불이행,교차로,교차로내,승용차,승용차,보행자,보행자,964676,1759498,127.1088989,35.83134528
2017,2017-08-28,40,야간,월,1,1,0,0,0,전남,순천시,차대사람,횡단중,횡단중,운전자법규위반,안전운전 의무 불이행,단일로,기타단일로,승용차,승용차,보행자,보행자,999618,1661265,127.4958165,34.94622828
2017,2017-08-28,55,주간,월,1,19,9,9,0,경남,거제시,차대차,추돌,추돌,운전자법규위반,안전운전 의무 불이행,단일로,기타단일로,승합차,승합차,승용차,승용차,1098867,1653214,128.5817083,34.86881614
2017,2017-08-28,50,주간,월,1,1,0,0,0,서울,동대문구,차대사람,기타,기타,운전자법규위반,안전운전 의무 불이행,교차로,교차로부근,승합차,승합차,보행자,보행자,961925,1953382,127.0687851,37.57903399
2017,2017-08-28,35,주간,월,1,1,0,0,0,충북,괴산군,차량단독,공작물충돌,공작물충돌,운전자법규위반,기타(운전자법규위반),단일로,기타단일로,건설기계,건설기계,없음,없음,1037268,1873249,127.9180702,36.85675982
2017,2017-08-28,32,주간,월,1,1,0,0,0,전북,익산시,차대차,측면충돌,측면충돌,운전자법규위반,안전운전 의무 불이행,단일로,기타단일로,승용차,승용차,원동기장치자전거,원동기장치자전거,952254,1772268,126.9706035,35.94594989
2017,2017-08-28,40,주간,월,1,1,0,0,0,경북,칠곡군,차량단독,공작물충돌,공작물충돌,운전자법규위반,안전운전 의무 불이행,단일로,기타단일로,농기계,농기계,없음,없음,1078000,1777203,128.3653035,35.98849064
2017,2017-08-28,0,주간,월,1,2,1,0,0,경북,경산시,차대차,측면충돌,측면충돌,운전자법규위반,교차로 통행방법 위반,교차로,교차로내,승합차,승합차,이륜차,이륜차,1110931,1759045,128.7280319,35.82162357
2017,2017-08-28,20,주간,월,1,1,0,0,0,강원,횡성군,차대차,기타,기타,운전자법규위반,안전운전 의무 불이행,기타,기타,특수차,특수차,자전거,자전거,1048631,1941172,128.049953,37.46848541
2017,2017-08-28,20,주간,월,1,1,0,0,0,경남,창원시(통합),차대차,기타,기타,운전자법규위반,안전운전 의무 불이행,교차로,교차로횡단보도내,승용차,승용차,특수차,특수차,1120196,1677396,128.81851,35.08451943
2017,2017-08-28,15,주간,월,1,1,0,0,0,충남,부여군,차량단독,도로이탈,도로이탈 기타,운전자법규위반,안전운전 의무 불이행,단일로,기타단일로,건설기계,건설기계,없음,없음,951250,1799959,126.957761,36.19554665
2017,2017-08-28,5,주간,월,1,1,0,0,0,경기,여주시,차량단독,공작물충돌,공작물충돌,운전자법규위반,안전운전 의무 불이행,단일로,기타단일로,원동기장치자전거,원동기장치자전거,없음,없음,1015301,1910438,127.6724034,37.19260579
2017,2017-08-28,10,주간,월,2,2,0,0,0,강원,삼척시,차량단독,공작물충돌,공작물충돌,운전자법규위반,안전운전 의무 불이행,단일로,기타단일로,승용차,승용차,없음,없음,1147245,1938655,129.164359,37.43535788
2017,2017-08-28,3,야간,월,1,2,0,1,0,전남,신안군,차량단독,전도전복,전도전복,운전자법규위반,안전운전 의무 불이행,단일로,기타단일로,승합차,승합차,없음,없음,871091,1622944,126.0943072,34.59256092
2017,2017-08-28,40,야간,월,1,1,0,0,0,경북,청도군,차대차,기타,기타,운전자법규위반,안전운전 의무 불이행,단일로,터널안,이륜차,이륜차,승용차,승용차,1106383,1747895,128.6761046,35.72176235
2017,2017-08-29,5,야간,화,1,1,0,0,0,경남,창원시(통합),차대차,정면충돌,정면충돌,운전자법규위반,안전운전 의무 불이행,교차로,교차로부근,원동기장치자전거,원동기장치자전거,승용차,승용차,1104340,1695470,128.646894,35.24922985
2017,2017-08-29,20,야간,화,1,1,0,0,0,경기,구리시,차대차,정면충돌,정면충돌,운전자법규위반,안전운전 의무 불이행,단일로,기타단일로,승용차,승용차,건설기계,건설기계,965657,1958601,127.1108056,37.62622123
2017,2017-08-29,29,주간,화,1,2,0,1,0,경남,진주시,차대차,기타,기타,운전자법규위반,신호위반,교차로,교차로내,화물차,화물차,건설기계,건설기계,1065326,1681349,128.2169759,35.1252129
2017,2017-08-29,35,주간,화,1,2,1,0,0,충남,아산시,차대차,정면충돌,정면충돌,운전자법규위반,중앙선 침범,단일로,기타단일로,화물차,화물차,승용차,승용차,956557,1863494,127.0132182,36.76856066
2017,2017-08-29,30,주간,화,1,1,0,0,0,경기,남양주시,차대사람,기타,기타,운전자법규위반,안전운전 의무 불이행,교차로,교차로내,화물차,화물차,보행자,보행자,981184,1955648,127.2868408,37.60005376
2017,2017-08-29,20,야간,화,1,1,0,0,0,세종,세종,차대차,추돌,추돌,운전자법규위반,안전운전 의무 불이행,단일로,기타단일로,승용차,승용차,자전거,자전거,981474,1835831,127.2930802,36.51999592
2017,2017-08-29,30,야간,화,1,1,0,0,0,경남,양산시,차대사람,횡단중,횡단중,운전자법규위반,보행자 보호의무 위반,단일로,기타단일로,승용차,승용차,보행자,보행자,1138650,1703271,129.0252399,35.31538571
2017,2017-08-29,36,야간,화,1,1,0,0,0,전남,영암군,차대차,추돌,추돌,운전자법규위반,안전운전 의무 불이행,교차로,교차로부근,승용차,승용차,농기계,농기계,924961,1644663,126.6797325,34.7937535
2017,2017-08-30,20,야간,수,1,5,2,2,0,강원,원주시,차대차,측면충돌,측면충돌,운전자법규위반,신호위반,교차로,교차로내,이륜차,이륜차,승용차,승용차,1039623,1926032,127.9472756,37.33245056
2017,2017-08-30,23,야간,수,1,1,0,0,0,서울,양천구,차대사람,기타,기타,운전자법규위반,안전운전 의무 불이행,단일로,기타단일로,화물차,화물차,보행자,보행자,943764,1947600,126.8635575,37.52599016