발생년,발생년월일시분,발생분,주야,요일,사망자수,사상자수,중상자수,경상자수,부상신고자수,발생지시도,발생지시군구,사고유형_대분류,사고유형_중분류,사고유형,법규위반_대분류,법규위반,도로형태_대분류,도로형태,당사자종별_1당_대분류,당사자종별_1당,당사자종별_2당_대분류,당사자종별_2당,발생위치X_UTMK,발생위치Y_UTMK,경도,위도
2017,2017-09-10,58,야간,일,1,1,0,0,0,부산,북구,차대사람,횡단중,횡단중,운전자법규위반,과속,단일로,기타단일로,승용차,승용차,보행자,보행자,1137726,1694098,129.013534,35.2328446
2017,2017-09-10,25,야간,일,1,4,0,3,0,강원,강릉시,차대차,측면충돌,측면충돌,운전자법규위반,안전운전 의무 불이행,교차로,교차로내,승용차,승용차,이륜차,이륜차,1123051,1975435,128.8971532,37.77031049
2017,2017-09-10,15,야간,일,1,1,0,0,0,강원,강릉시,차량단독,기타,기타,운전자법규위반,안전운전 의무 불이행,교차로,교차로부근,승용차,승용차,없음,없음,1122467,1969429,128.8893372,37.71663901
2017,2017-09-10,10,야간,일,1,1,0,0,0,울산,동구,차량단독,기타,기타,운전자법규위반,안전운전 의무 불이행,단일로,기타단일로,이륜차,이륜차,없음,없음,1173550,1728093,129.4142781,35.53362534
2017,2017-09-10,50,야간,일,1,1,0,0,0,전남,목포시,차대사람,횡단중,횡단중,운전자법규위반,안전운전 의무 불이행,단일로,기타단일로,승용차,승용차,보행자,보행자,898297,1645289,126.388229,34.79708448
2017,2017-09-10,0,주간,일,1,1,0,0,0,세종,세종,차대사람,기타,기타,운전자법규위반,안전운전 의무 불이행,단일로,기타단일로,화물차,화물차,보행자,보행자,989651,1836901,127.3843958,36.52976558
2017,2017-09-10,5,주간,일,1,3,0,1,1,강원,원주시,차대차,정면충돌,정면충돌,운전자법규위반,교차로 통행방법 위반,교차로,교차로내,승용차,승용차,이륜차,이륜차,1039339,1930853,127.9443259,37.37591729
2017,2017-09-10,30,주간,일,1,1,0,0,0,전북,정읍시,차량단독,도로이탈,도로이탈 추락,운전자법규위반,안전운전 의무 불이행,단일로,기타단일로,승합차,승합차,없음,없음,945521,1725090,126.8991566,35.52024784
2017,2017-09-10,6,주간,일,1,1,0,0,0,부산,부산진구,차대차,기타,기타,운전자법규위반,앞지르기 금지위반,교차로,교차로내,승용차,승용차,이륜차,이륜차,1141483,1686594,129.0535246,35.16466627
2017,2017-09-10,30,주간,일,1,1,0,0,0,경남,창원시(통합),차대사람,기타,기타,운전자법규위반,안전운전 의무 불이행,교차로,교차로내,승용차,승용차,보행자,보행자,1105513,1695047,128.6597308,35.24529354
2017,2017-09-10,25,주간,일,1,4,3,0,0,충남,공주시,차대차,추돌,추돌,운전자법규위반,안전운전 의무 불이행,단일로,기타단일로,승용차,승용차,승용차,승용차,968153,1821827,127.144874,36.39339785
2017,2017-09-10,15,주간,일,1,6,3,2,0,광주,동구,차대차,추돌,추돌,운전자법규위반,안전운전 의무 불이행,교차로,교차로부근,승용차,승용차,승용차,승용차,947696,1683359,126.9257656,35.14411743
2017,2017-09-10,0,주간,일,1,2,0,1,0,전북,익산시,차대차,정면충돌,정면충돌,운전자법규위반,중앙선 침범,단일로,기타단일로,승용차,승용차,승용차,승용차,956311,1782922,127.0149974,36.04219237
2017,2017-09-10,20,야간,일,1,2,0,1,0,대구,동구,차대차,측면충돌,측면충돌,운전자법규위반,안전운전 의무 불이행,단일로,기타단일로,승용차,승용차,승용차,승용차,1107067,1764203,128.6859569,35.8685484
2017,2017-09-11,18,야간,월,1,1,0,0,0,충북,청주시,차대사람,기타,기타,운전자법규위반,과속,단일로,기타단일로,화물차,화물차,보행자,보행자,999900,1845334,127.4988819,36.60584582
2017,2017-09-11,47,야간,월,1,1,0,0,0,경기,부천시,차량단독,기타,기타,운전자법규위반,안전운전 의무 불이행,단일로,기타단일로,승용차,승용차,없음,없음,939466,1941722,126.8154024,37.47273948
2017,2017-09-11,30,야간,월,2,5,1,2,0,전북,군산시,차대차,기타,기타,운전자법규위반,안전운전 의무 불이행,단일로,기타단일로,승용차,승용차,화물차,화물차,937085,1778972,126.801891,36.00552893
2017,2017-09-11,30,야간,월,1,2,1,0,0,경남,거제시,차량단독,공작물충돌,공작물충돌,운전자법규위반,과속,단일로,기타단일로,승용차,승용차,없음,없음,1107483,1653614,128.6760108,34.87154736
2017,2017-09-11,40,야간,월,1,2,0,1,0,경기,남양주시,차대차,기타,기타,운전자법규위반,신호위반,교차로,교차로내,승합차,승합차,화물차,화물차,972923,1966845,127.1928408,37.70076963
2017,2017-09-11,25,주간,월,2,2,0,0,0,강원,영월군,차량단독,도로이탈,도로이탈 추락,운전자법규위반,안전운전 의무 불이행,단일로,기타단일로,승용차,승용차,없음,없음,1090767,1910286,128.5226226,37.18694762
2017,2017-09-11,30,주간,월,1,1,0,0,0,경북,의성군,차량단독,전도,전도,운전자법규위반,안전운전 의무 불이행,기타,기타,사륜오토바이(ATV),사륜오토바이(ATV),없음,없음,1113122,1807158,128.7591676,36.25505021
2017,2017-09-11,30,주간,월,1,1,0,0,0,전북,전주시,차대사람,횡단중,횡단중,운전자법규위반,안전운전 의무 불이행,단일로,기타단일로,승용차,승용차,보행자,보행자,967976,1758985,127.1455407,35.82692381
2017,2017-09-11,0,주간,월,1,1,0,0,0,울산,동구,차대차,측면충돌,측면충돌,운전자법규위반,안전운전 의무 불이행,단일로,기타단일로,화물차,화물차,화물차,화물차,1175246,1722404,129.4317471,35.48206035
2017,2017-09-11,20,주간,월,1,2,1,0,0,충북,충주시,차대차,측면충돌,측면충돌,운전자법규위반,중앙선 침범,단일로,기타단일로,승용차,승용차,승용차,승용차,1025081,1886700,127.7818048,36.97841534
2017,2017-09-11,30,주간,월,1,1,0,0,0,강원,춘천시,차량단독,전도전복,전도전복,운전자법규위반,안전운전 의무 불이행,단일로,기타단일로,화물차,화물차,없음,없음,1024326,1986304,127.7766054,37.87623309
2017,2017-09-11,45,주간,월,1,1,0,0,0,서울,송파구,차대사람,기타,기타,운전자법규위반,안전운전 의무 불이행,단일로,기타단일로,승용차,승용차,보행자,보행자,966504,1948897,127.1208479,37.53878703
2017,2017-09-11,46,야간,월,1,1,0,0,0,경기,안성시,차대사람,기타,기타,운전자법규위반,안전운전 의무 불이행,단일로,기타단일로,화물차,화물차,보행자,보행자,994691,1891651,127.440314,37.02336522
2017,2017-09-11,10,야간,월,1,1,0,0,0,경남,창원시(통합),차대사람,길가장자리구역통행중,길가장자리구역통행중,운전자법규위반,안전운전 의무 불이행,단일로,기타단일로,승용차,승용차,보행자,보행자,1086390,1679458,128.4479385,35.10657567
2017,2017-09-11,50,야간,월,1,1,0,0,0,경기,안성시,차대사람,기타,기타,운전자법규위반,안전운전 의무 불이행,단일로,기타단일로,승용차,승용차,보행자,보행자,977940,1891723,127.2519912,37.02377011
2017,2017-09-11,50,야간,월,1,1,0,0,0,경남,거창군,차대차,추돌,추돌,운전자법규위반,안전운전 의무 불이행,단일로,기타단일로,화물차,화물차,화물차,화물차,1032677,1732455,127.8606944,35.58761194
2017,2017-09-11,20,야간,월,1,4,0,3,0,전북,전주시,차대차,추돌,추돌,운전자법규위반,안전운전 의무 불이행,단일로,기타단일로,화물차,화물차,승용차,승용차,966522,1765632,127.1290795,35.88671399
2017,2017-09-11,55,야간,월,1,1,0,0,0,경기,안산시,차대사람,횡단중,횡단중,운전자법규위반,안전운전 의무 불이행,단일로,기타단일로,승용차,승용차,보행자,보행자,946977,1922658,126.9017091,37.30137068
2017,2017-09-12,32,야간,화,1,1,0,0,0,경기,광주시,차대사람,기타,기타,운전자법규위반,안전운전 의무 불이행,단일로,기타단일로,승용차,승용차,보행자,보행자,992726,1930695,127.4178421,37.37529922
2017,2017-09-12,35,야간,화,1,1,0,0,0,경기,성남시,차대사람,횡단중,횡단중,운전자법규위반,안전운전 의무 불이행,단일로,기타단일로,화물차,화물차,보행자,보행자,968829,1934235,127.1477856,37.40671211
2017,2017-09-12,15,주간,화,1,1,0,0,0,경기,고양시,차대사람,횡단중,횡단중,운전자법규위반,신호위반,교차로,교차로부근,승합차,승합차,보행자,보행자,937921,1969802,126.7955485,37.72571735
2017,2017-09-12,50,주간,화,1,1,0,0,0,전북,김제시,차량단독,기타,기타,운전자법규위반,안전운전 의무 불이행,기타,기타,농기계,농기계,없음,없음,950703,1763453,126.9539533,35.86639964
2017,2017-09-12,33,주간,화,1,1,0,0,0,경북,상주시,차대차,추돌,추돌,운전자법규위반,안전운전 의무 불이행,교차로,교차로부근,승용차,승용차,자전거,자전거,1059808,1829967,128.1675325,36.46544346
2017,2017-09-12,25,주간,화,1,5,4,0,0,전남,영광군,차대차,측면충돌,측면충돌,운전자법규위반,신호위반,교차로,교차로내,승용차,승용차,승용차,승용차,913837,1701706,126.5522239,35.30718084
2017,2017-09-12,53,주간,화,1,1,0,0,0,경남,창녕군,차대사람,기타,기타,운전자법규위반,안전운전 의무 불이행,교차로,교차로내,화물차,화물차,보행자,보행자,1085087,1733349,128.439251,35.59255236
2017,2017-09-12,0,주간,화,1,1,0,0,0,경남,고성군,차대사람,차도통행중,차도통행중,운전자법규위반,안전운전 의무 불이행,단일로,기타단일로,승용차,승용차,보행자,보행자,1058781,1658421,128.1435245,34.9188785
2017,2017-09-12,39,주간,화,1,1,0,0,0,서울,강서구,차대차,기타,기타,운전자법규위반,신호위반,교차로,교차로내,승합차,승합차,이륜차,이륜차,938048,1953819,126.7983464,37.58167512
2017,2017-09-12,25,주간,화,1,2,1,0,0,부산,사하구,차대사람,기타,기타,운전자법규위반,안전운전 의무 불이행,교차로,교차로내,승용차,승용차,보행자,보행자,1133735,1673760,128.9663897,35.0500314
2017,2017-09-12,30,주간,화,1,1,0,0,0,경기,용인시,차대차,기타,기타,운전자법규위반,안전운전 의무 불이행,교차로,교차로내,승합차,승합차,자전거,자전거,974368,1914269,127.211062,37.22691183
2017,2017-09-12,48,야간,화,1,1,0,0,0,경기,가평군,차대사람,횡단중,횡단중,운전자법규위반,안전운전 의무 불이행,단일로,기타단일로,승용차,승용차,보행자,보행자,1000553,1983800,127.5062862,37.85398903
2017,2017-09-12,20,야간,화,1,1,0,0,0,경기,안산시,차대사람,횡단중,횡단중,운전자법규위반,안전운전 의무 불이행,단일로,기타단일로,승용차,승용차,보행자,보행자,944649,1922812,126.8754307,37.30262304
2017,2017-09-12,55,야간,화,1,1,0,0,0,충남,아산시,차대차,기타,기타,운전자법규위반,신호위반,교차로,교차로내,자전거,자전거,승용차,승용차,961718,1868781,127.0707802,36.81644282
2017,2017-09-12,40,야간,화,1,2,0,1,0,경기,안산시,차대사람,횡단중,횡단중,운전자법규위반,과속,단일로,기타단일로,승용차,승용차,보행자,보행자,939564,1925727,126.8178188,37.32858014
2017,2017-09-12,45,야간,화,1,5,0,2,2,경기,평택시,차대차,추돌,추돌,운전자법규위반,안전운전 의무 불이행,교차로,교차로부근,승용차,승용차,화물차,화물차,966555,1888186,127.1241547,36.99155028
2017,2017-09-13,38,야간,수,1,1,0,0,0,전남,해남군,차량단독,도로이탈,도로이탈 추락,운전자법규위반,안전운전 의무 불이행,교차로,교차로부근,화물차,화물차,없음,없음,918163,1615806,126.6084263,34.5330821
2017,2017-09-13,20,야간,수,1,1,0,0,0,대구,달성군,차대차,추돌,추돌,운전자법규위반,안전운전 의무 불이행,단일로,기타단일로,화물차,화물차,화물차,화물차,1088227,1752337,128.4759905,35.76345635
2017,2017-09-13,40,주간,수,1,1,0,0,0,대구,동구,차대사람,횡단중,횡단중,운전자법규위반,안전운전 의무 불이행,단일로,기타단일로,화물차,화물차,보행자,보행자,1113497,1765135,128.7572984,35.87622526
2017,2017-09-13,10,주간,수,1,1,0,0,0,경기,김포시,차대차,기타,기타,운전자법규위반,신호위반,교차로,교차로횡단보도내,승합차,승합차,자전거,자전거,923075,1961671,126.6279559,37.65131109
2017,2017-09-13,30,주간,수,1,1,0,0,0,경북,구미시,차대차,정면충돌,정면충돌,운전자법규위반,중앙선 침범,단일로,기타단일로,화물차,화물차,승용차,승용차,1077067,1799512,128.357135,36.18967604
2017,2017-09-13,40,주간,수,1,1,0,0,0,인천,강화군,차대차,측면충돌,측면충돌,운전자법규위반,중앙선 침범,단일로,기타단일로,자전거,자전거,화물차,화물차,892625,1976340,126.2806625,37.7804414
2017,2017-09-13,7,주간,수,2,5,1,2,0,충남,홍성군,차대차,추돌,추돌,운전자법규위반,안전운전 의무 불이행,단일로,기타단일로,승용차,승용차,특수차,특수차,928640,1846072,126.7020527,36.60982733
2017,2017-09-13,30,야간,수,1,1,0,0,0,경기,평택시,차량단독,기타,기타,운전자법규위반,안전운전 의무 불이행,단일로,기타단일로,이륜차,이륜차,없음,없음,955696,1890686,127.0019811,37.01363642
2017,2017-09-13,10,야간,수,1,1,0,0,0,서울,구로구,차대사람,차도통행중,차도통행중,운전자법규위반,안전운전 의무 불이행,단일로,기타단일로,승용차,승용차,보행자,보행자,945507,1944682,126.8834989,37.49979452
2017,2017-09-13,3,야간,수,1,1,0,0,0,대전,유성구,차대차,기타,기타,운전자법규위반,안전운전 의무 불이행,교차로,교차로내,승용차,승용차,이륜차,이륜차,990243,1825899,127.3911476,36.43058655
2017,2017-09-13,55,야간,수,1,1,0,0,0,경남,하동군,차대사람,길가장자리구역통행중,길가장자리구역통행중,운전자법규위반,안전운전 의무 불이행,단일로,기타단일로,승용차,승용차,보행자,보행자,1011679,1689158,127.628296,35.1976809
2017,2017-09-14,40,야간,목,1,1,0,0,0,경북,포항시,차량단독,공작물충돌,공작물충돌,운전자법규위반,안전운전 의무 불이행,단일로,기타단일로,화물차,화물차,없음,없음,1166866,1786618,129.3527968,36.06217388
2017,2017-09-14,10,야간,목,1,1,0,0,0,울산,동구,차대사람,횡단중,횡단중,운전자법규위반,보행자 보호의무 위반,교차로,교차로내,승합차,승합차,보행자,보행자,1174012,1723175,129.4183166,35.48922527
2017,2017-09-14,30,야간,목,1,1,0,0,0,대전,유성구,차량단독,기타,기타,운전자법규위반,안전운전 의무 불이행,단일로,기타단일로,화물차,화물차,없음,없음,983733,1814983,127.3187486,36.33208697
2017,2017-09-14,30,주간,목,1,2,1,0,0,경북,구미시,차대차,기타,기타,운전자법규위반,중앙선 침범,단일로,기타단일로,승용차,승용차,승용차,승용차,1070101,1803510,128.2800239,36.22624684
2017,2017-09-14,35,주간,목,1,2,1,0,0,경북,울진군,차량단독,공작물충돌,공작물충돌,운전자법규위반,안전운전 의무 불이행,단일로,기타단일로,원동기장치자전거,원동기장치자전거,없음,없음,1169832,1898197,129.4103179,37.06700187
2017,2017-09-14,24,주간,목,1,1,0,0,0,경기,안양시,차대차,측면충돌,측면충돌,운전자법규위반,신호위반,교차로,교차로내,승합차,승합차,자전거,자전거,952090,1929653,126.9589477,37.36469783
2017,2017-09-14,53,주간,목,1,1,0,0,0,광주,광산구,차대사람,횡단중,횡단중,운전자법규위반,안전운전 의무 불이행,단일로,기타단일로,이륜차,이륜차,보행자,보행자,932576,1680898,126.7600362,35.12100807
2017,2017-09-14,42,주간,목,1,1,0,0,0,전북,군산시,차대차,측면충돌,측면충돌,운전자법규위반,직진 및 우회전차의 통행방해,교차로,교차로내,승용차,승용차,화물차,화물차,924176,1767292,126.6597803,35.8993141
2017,2017-09-14,13,주간,목,1,1,0,0,0,경기,안산시,차대사람,기타,기타,운전자법규위반,안전운전 의무 불이행,단일로,기타단일로,승용차,승용차,보행자,보행자,943706,1928783,126.8643374,37.35638525
2017,2017-09-14,48,주간,목,1,3,2,0,0,경기,양주시,차량단독,전도전복,전도전복,운전자법규위반,안전운전 의무 불이행,단일로,기타단일로,승용차,승용차,없음,없음,958088,1976781,127.023985,37.78976416
2017,2017-09-14,40,주간,목,1,4,3,0,0,경북,문경시,차량단독,공작물충돌,공작물충돌,운전자법규위반,안전운전 의무 불이행,단일로,기타단일로,승용차,승용차,없음,없음,1056872,1868097,128.137591,36.8093422
2017,2017-09-14,45,주간,목,1,1,0,0,0,대전,대덕구,차대사람,기타,기타,운전자법규위반,안전운전 의무 불이행,교차로,교차로부근,화물차,화물차,보행자,보행자,993304,1827297,127.4252851,36.44321615
2017,2017-09-14,40,주간,목,1,1,0,0,0,경기,안산시,차대차,측면충돌,측면충돌,운전자법규위반,안전운전 의무 불이행,교차로,교차로내,승합차,승합차,이륜차,이륜차,939005,1923509,126.8116918,37.30855211
2017,2017-09-14,15,야간,목,1,1,0,0,0,충북,충주시,차대사람,기타,기타,운전자법규위반,안전운전 의무 불이행,단일로,기타단일로,승용차,승용차,보행자,보행자,1038159,1888029,127.9284244,36.99042114
2017,2017-09-14,50,야간,목,1,2,1,0,0,광주,광산구,차대차,기타,기타,운전자법규위반,신호위반,교차로,교차로내,승용차,승용차,이륜차,이륜차,936662,1687073,126.8044025,35.17695074
2017,2017-09-14,25,야간,목,1,1,0,0,0,경남,사천시,차대사람,횡단중,횡단중,운전자법규위반,안전운전 의무 불이행,교차로,교차로내,승용차,승용차,보행자,보행자,1052850,1675445,128.0796774,35.07271017
2017,2017-09-15,10,야간,금,1,3,2,0,0,부산,강서구,차대차,측면충돌,측면충돌,운전자법규위반,신호위반,교차로,교차로내,건설기계,건설기계,화물차,화물차,1126777,1690514,128.8926907,35.20196436
2017,2017-09-15,14,야간,금,1,2,0,1,0,전남,무안군,차량단독,공작물충돌,공작물충돌,운전자법규위반,안전운전 의무 불이행,교차로,교차로내,승용차,승용차,없음,없음,908926,1650231,126.5038676,34.84264912
2017,2017-09-16,43,야간,토,1,1,0,0,0,전북,전주시,차대사람,횡단중,횡단중,운전자법규위반,안전운전 의무 불이행,단일로,기타단일로,승용차,승용차,보행자,보행자,965868,1761002,127.1220319,35.84494755
2017,2017-09-16,0,주간,토,1,1,0,0,0,전남,여수시,차대사람,횡단중,횡단중,운전자법규위반,안전운전 의무 불이행,단일로,기타단일로,승용차,승용차,보행자,보행자,1014987,1643710,127.6641172,34.78908276
2017,2017-09-16,45,주간,토,1,1,0,0,0,대구,수성구,차량단독,공작물충돌,공작물충돌,운전자법규위반,기타(운전자법규위반),단일로,기타단일로,화물차,화물차,없음,없음,1102453,1763796,128.6348056,35.86537319
2017,2017-09-16,25,주간,토,1,2,0,1,0,경남,밀양시,차량단독,공작물충돌,공작물충돌,운전자법규위반,안전운전 의무 불이행,단일로,기타단일로,승용차,승용차,없음,없음,1108716,1726889,128.6991712,35.53200316
2017,2017-09-16,40,주간,토,1,1,0,0,0,경기,군포시,차대차,기타,기타,운전자법규위반,신호위반,교차로,교차로내,이륜차,이륜차,승용차,승용차,950139,1930267,126.9368745,37.37012924
2017,2017-09-16,30,주간,토,1,1,0,0,0,부산,부산진구,차대사람,차도통행중,차도통행중,운전자법규위반,중앙선 침범,교차로,교차로부근,승용차,승용차,보행자,보행자,1138422,1684918,129.0196436,35.14998507
2017,2017-09-16,30,주간,토,1,1,0,0,0,강원,동해시,차대차,측면충돌,측면충돌,운전자법규위반,직진 및 우회전차의 통행방해,교차로,교차로내,원동기장치자전거,원동기장치자전거,승용차,승용차,1143801,1943479,129.1263861,37.47936424
2017,2017-09-16,15,야간,토,1,1,0,0,0,서울,영등포구,차량단독,기타,기타,운전자법규위반,안전운전 의무 불이행,단일로,기타단일로,자전거,자전거,없음,없음,945497,1950448,126.8829579,37.55176348
2017,2017-09-16,5,야간,토,1,2,1,0,0,충남,당진시,차대차,정면충돌,정면충돌,운전자법규위반,중앙선 침범,단일로,기타단일로,승용차,승용차,승용차,승용차,934089,1883616,126.7597311,36.94864187
2017,2017-09-16,25,야간,토,1,1,0,0,0,충남,당진시,차대사람,차도통행중,차도통행중,운전자법규위반,안전운전 의무 불이행,단일로,기타단일로,승용차,승용차,보행자,보행자,911281,1878432,126.5042053,36.90004464
2017,2017-09-16,20,야간,토,1,1,0,0,0,경기,하남시,차대차,측면충돌,측면충돌,운전자법규위반,안전운전 의무 불이행,교차로,교차로내,승합차,승합차,이륜차,이륜차,975764,1945909,127.2257622,37.51214464
2017,2017-09-16,0,야간,토,1,1,0,0,0,충남,태안군,차량단독,공작물충돌,공작물충돌,운전자법규위반,안전운전 의무 불이행,단일로,기타단일로,승용차,승용차,없음,없음,893295,1852846,126.3059479,36.66758011
2017,2017-09-17,0,야간,일,1,1,0,0,0,경기,평택시,차대차,측면충돌,측면충돌,운전자법규위반,안전운전 의무 불이행,단일로,기타단일로,승용차,승용차,승용차,승용차,965837,1887569,127.1161142,36.98596267
2017,2017-09-17,30,야간,일,1,1,0,0,0,경기,부천시,차대사람,횡단중,횡단중,운전자법규위반,안전운전 의무 불이행,단일로,기타단일로,승용차,승용차,보행자,보행자,934961,1943513,126.7642995,37.48857553
2017,2017-09-17,35,주간,일,1,2,1,0,0,강원,춘천시,차대차,측면충돌,측면충돌,운전자법규위반,안전운전 의무 불이행,단일로,기타단일로,승용차,승용차,이륜차,이륜차,1018612,1990856,127.7117508,37.91739497
2017,2017-09-17,25,주간,일,1,5,2,1,1,부산,기장군,차대차,정면충돌,정면충돌,운전자법규위반,과속,교차로,교차로내,화물차,화물차,승용차,승용차,1154520,1697445,129.1987009,35.25882633
2017,2017-09-17,10,주간,일,1,1,0,0,0,전북,남원시,차량단독,공작물충돌,공작물충돌,운전자법규위반,안전운전 의무 불이행,단일로,터널안,승용차,승용차,없음,없음,953936,1952044,126.9783937,37.56660917
2017,2017-09-17,25,야간,일,1,1,0,0,0,충남,아산시,차대사람,기타,기타,운전자법규위반,안전거리 미확보,단일로,교량위,승용차,승용차,보행자,보행자,957891,1864273,127.0281222,36.77564315
2017,2017-09-17,52,야간,일,1,1,0,0,0,전북,전주시,차량단독,공작물충돌,공작물충돌,운전자법규위반,안전운전 의무 불이행,단일로,기타단일로,원동기장치자전거,원동기장치자전거,없음,없음,965024,1760782,127.1126956,35.84293428
2017,2017-09-18,38,야간,월,1,1,0,0,0,전북,전주시,차대차,측면충돌,측면충돌,운전자법규위반,신호위반,교차로,교차로횡단보도내,자전거,자전거,승용차,승용차,964829,1758840,127.1106218,35.82541825
2017,2017-09-18,12,야간,월,1,1,0,0,0,경기,수원시,차량단독,기타,기타,운전자법규위반,안전운전 의무 불이행,단일로,터널안,승합차,승합차,없음,없음,958812,1923415,127.035204,37.30879376
2017,2017-09-18,10,야간,월,1,1,0,0,0,경남,밀양시,차대차,추돌,추돌,운전자법규위반,안전운전 의무 불이행,단일로,기타단일로,화물차,화물차,화물차,화물차,1115501,1719160,128.7728962,35.46156307
2017,2017-09-18,25,주간,월,1,1,0,0,0,경북,상주시,차대차,추돌,추돌,운전자법규위반,안전운전 의무 불이행,단일로,교량위,화물차,화물차,자전거,자전거,1040534,1821209,127.95196,36.38749925
2017,2017-09-18,45,주간,월,1,1,0,0,0,부산,금정구,차대사람,횡단중,횡단중,운전자법규위반,안전운전 의무 불이행,단일로,기타단일로,건설기계,건설기계,보행자,보행자,1144941,1694632,129.0928959,35.23662519
2017,2017-09-18,8,주간,월,1,2,1,0,0,충북,보은군,차대차,정면충돌,정면충돌,운전자법규위반,중앙선 침범,단일로,기타단일로,화물차,화물차,화물차,화물차,1028788,1823953,127.8210944,36.41266069
2017,2017-09-18,5,주간,월,1,6,1,4,0,전남,구례군,차대차,정면충돌,정면충돌,운전자법규위반,중앙선 침범,단일로,기타단일로,승합차,승합차,화물차,화물차,1009563,1690965,127.6050724,35.21399723
2017,2017-09-18,25,주간,월,1,1,0,0,0,울산,울주군,차대차,추돌,추돌,운전자법규위반,안전운전 의무 불이행,교차로,교차로부근,화물차,화물차,화물차,화물차,1148082,1734344,129.1346178,35.59409657
2017,2017-09-18,10,주간,월,1,2,1,0,0,전남,영암군,차대사람,기타,기타,운전자법규위반,안전운전 의무 불이행,단일로,기타단일로,승용차,승용차,보행자,보행자,915862,1636991,126.5809772,34.72394488
2017,2017-09-18,45,주간,월,1,3,0,0,2,경기,고양시,차대차,추돌,추돌,운전자법규위반,안전운전 의무 불이행,단일로,기타단일로,화물차,화물차,화물차,화물차,930144,1965818,126.7076875,37.68925125
2017,2017-09-18,25,주간,월,1,2,1,0,0,충남,청양군,차대차,추돌,추돌,운전자법규위반,안전운전 의무 불이행,단일로,기타단일로,화물차,화물차,건설기계,건설기계,958933,1827894,127.0417432,36.44774205
2017,2017-09-18,23,야간,월,1,2,1,0,0,서울,동대문구,차대차,측면충돌,측면충돌,운전자법규위반,안전운전 의무 불이행,교차로,교차로부근,이륜차,이륜차,승용차,승용차,960259,1953943,127.0498871,37.58402
2017,2017-09-18,10,야간,월,1,1,0,0,0,제주,서귀포시,차대차,기타,기타,운전자법규위반,과속,단일로,기타단일로,승용차,승용차,승용차,승용차,923400,1476708,126.6774228,33.27903324
2017,2017-09-18,45,야간,월,1,1,0,0,0,전북,익산시,차대사람,기타,기타,운전자법규위반,보행자 보호의무 위반,교차로,교차로횡단보도내,승용차,승용차,보행자,보행자,953234,1772876,126.9814333,35.95147883
2017,2017-09-18,10,야간,월,1,2,0,1,0,경남,하동군,차대차,추돌,추돌,운전자법규위반,과속,단일로,기타단일로,승용차,승용차,농기계,농기계,1033997,1669591,127.8726562,35.02073564
2017,2017-09-18,5,야간,월,1,1,0,0,0,충남,아산시,차대사람,횡단중,횡단중,운전자법규위반,안전운전 의무 불이행,단일로,기타단일로,승용차,승용차,보행자,보행자,949428,1865914,126.9331799,36.79002168
2017,2017-09-18,40,야간,월,1,1,0,0,0,전북,전주시,차대차,측면충돌,측면충돌,운전자법규위반,신호위반,교차로,교차로내,이륜차,이륜차,승용차,승용차,965100,1762393,127.1134666,35.8574617
2017,2017-09-18,10,야간,월,1,1,0,0,0,경북,안동시,차대사람,횡단중,횡단중,운전자법규위반,안전운전 의무 불이행,단일로,기타단일로,승용차,승용차,보행자,보행자,1106161,1842437,128.6857575,36.57422558
2017,2017-09-18,0,야간,월,1,2,1,0,0,경북,경주시,차대사람,횡단중,횡단중,운전자법규위반,중앙선 침범,단일로,기타단일로,승용차,승용차,보행자,보행자,1146223,1761077,129.1189715,35.83531161
2017,2017-09-19,25,야간,화,1,1,0,0,0,경북,성주군,차대사람,기타,기타,운전자법규위반,안전운전 의무 불이행,단일로,기타단일로,승용차,승용차,보행자,보행자,1071687,1769103,128.2945441,35.91595263
2017,2017-09-19,0,야간,화,2,3,0,1,0,전남,장성군,차량단독,전도,전도,운전자법규위반,과속,단일로,기타단일로,승용차,승용차,없음,없음,923473,1696960,126.6588589,35.26336313
2017,2017-09-19,50,야간,화,1,1,0,0,0,충북,청주시,차대차,추돌,추돌,운전자법규위반,안전운전 의무 불이행,단일로,기타단일로,화물차,화물차,농기계,농기계,983047,1845110,127.310445,36.60367572
2017,2017-09-19,45,주간,화,1,1,0,0,0,광주,북구,차대사람,횡단중,횡단중,운전자법규위반,안전운전 의무 불이행,교차로,교차로내,화물차,화물차,보행자,보행자,945072,1693143,126.8963539,35.23217689
2017,2017-09-19,24,주간,화,1,1,0,0,0,경기,안산시,차량단독,공작물충돌,공작물충돌,운전자법규위반,안전운전 의무 불이행,단일로,터널안,승용차,승용차,없음,없음,945567,1929775,126.8852775,37.36543756