발생년,발생년월일시분,발생분,주야,요일,사망자수,사상자수,중상자수,경상자수,부상신고자수,발생지시도,발생지시군구,사고유형_대분류,사고유형_중분류,사고유형,법규위반_대분류,법규위반,도로형태_대분류,도로형태,당사자종별_1당_대분류,당사자종별_1당,당사자종별_2당_대분류,당사자종별_2당,발생위치X_UTMK,발생위치Y_UTMK,경도,위도
2017,2017-09-26,45,주간,화,2,3,0,1,0,서울,서초구,차대차,추돌,추돌,운전자법규위반,안전운전 의무 불이행,단일로,기타단일로,승용차,승용차,승용차,승용차,960273,1939315,127.0508366,37.45217316
2017,2017-09-26,9,주간,화,1,1,0,0,0,부산,금정구,차대차,추돌,추돌,운전자법규위반,안전운전 의무 불이행,단일로,기타단일로,화물차,화물차,화물차,화물차,1145089,1695874,129.0947411,35.24779864
2017,2017-09-26,50,주간,화,1,1,0,0,0,부산,강서구,차대사람,보도통행중,보도통행중,운전자법규위반,신호위반,단일로,기타단일로,승용차,승용차,보행자,보행자,1129504,1678283,128.9207272,35.09134965
2017,2017-09-26,42,야간,화,1,1,0,0,0,충북,제천시,차량단독,전도전복,전도전복,운전자법규위반,안전운전 의무 불이행,교차로,교차로내,건설기계,건설기계,없음,없음,1069445,1910440,128.2824371,37.19016553
2017,2017-09-26,30,야간,화,1,1,0,0,0,경기,의정부시,차대사람,횡단중,횡단중,운전자법규위반,안전운전 의무 불이행,단일로,기타단일로,이륜차,이륜차,보행자,보행자,965812,1972924,127.1118899,37.75532261
2017,2017-09-26,50,야간,화,1,1,0,0,0,충남,아산시,차대사람,길가장자리구역통행중,길가장자리구역통행중,운전자법규위반,안전운전 의무 불이행,단일로,기타단일로,승용차,승용차,보행자,보행자,946061,1874327,126.8948469,36.86567223
2017,2017-09-26,5,야간,화,1,2,1,0,0,서울,동작구,차대사람,보도통행중,보도통행중,운전자법규위반,기타(운전자법규위반),단일로,기타단일로,승용차,승용차,보행자,보행자,952804,1945452,126.9658658,37.50689635
2017,2017-09-26,50,야간,화,1,1,0,0,0,울산,울주군,차대사람,횡단중,횡단중,운전자법규위반,안전운전 의무 불이행,교차로,교차로부근,승용차,승용차,보행자,보행자,1147842,1732408,129.1316154,35.5766835
2017,2017-09-26,35,야간,화,1,2,1,0,0,서울,영등포구,차대사람,기타,기타,운전자법규위반,안전운전 의무 불이행,단일로,기타단일로,건설기계,건설기계,보행자,보행자,948651,1948004,126.9188344,37.52991657
2017,2017-09-27,25,야간,수,1,1,0,0,0,경기,용인시,차대차,추돌,추돌,운전자법규위반,안전거리 미확보,단일로,기타단일로,화물차,화물차,화물차,화물차,980165,1916115,127.2763593,37.24369307
2017,2017-09-27,0,야간,수,1,1,0,0,0,강원,태백시,차량단독,공작물충돌,공작물충돌,운전자법규위반,안전운전 의무 불이행,단일로,기타단일로,승용차,승용차,없음,없음,1132277,1907546,128.9896868,37.15729854
2017,2017-09-27,20,야간,수,1,1,0,0,0,경기,안산시,차대사람,횡단중,횡단중,운전자법규위반,보행자 보호의무 위반,교차로,교차로횡단보도내,승용차,승용차,보행자,보행자,938148,1926457,126.8017757,37.33506658
2017,2017-09-27,35,야간,수,1,1,0,0,0,전북,고창군,차대차,추돌,추돌,운전자법규위반,안전운전 의무 불이행,단일로,기타단일로,승합차,승합차,자전거,자전거,914830,1713078,126.5619603,35.40979245
2017,2017-09-27,19,주간,수,1,1,0,0,0,경기,연천군,차량단독,도로이탈,도로이탈 기타,운전자법규위반,안전운전 의무 불이행,단일로,기타단일로,사륜오토바이(ATV),사륜오토바이(ATV),없음,없음,965067,2003658,127.1019439,38.03229527
2017,2017-09-27,30,주간,수,1,1,0,0,0,경북,영천시,차량단독,전도,전도,운전자법규위반,안전운전 의무 불이행,단일로,기타단일로,승용차,승용차,없음,없음,1127000,1777055,128.9087486,35.9820055
2017,2017-09-27,13,주간,수,1,1,0,0,0,강원,원주시,차대사람,횡단중,횡단중,운전자법규위반,보행자 보호의무 위반,단일로,기타단일로,화물차,화물차,보행자,보행자,1039292,1927989,127.9441636,37.35011499
2017,2017-09-27,0,주간,수,1,1,0,0,0,경남,밀양시,차대차,기타,기타,운전자법규위반,안전운전 의무 불이행,단일로,기타단일로,화물차,화물차,화물차,화물차,1116259,1724551,128.7820196,35.51007162
2017,2017-09-27,10,주간,수,1,1,0,0,0,전남,영광군,차량단독,도로이탈,도로이탈 추락,운전자법규위반,안전운전 의무 불이행,교차로,교차로부근,화물차,화물차,없음,없음,898898,1692458,126.3890621,35.22240755
2017,2017-09-27,20,주간,수,1,1,0,0,0,경기,김포시,차대사람,기타,기타,운전자법규위반,신호위반,교차로,교차로내,화물차,화물차,보행자,보행자,927591,1960794,126.6792326,37.64377444
2017,2017-09-27,55,야간,수,1,1,0,0,0,경남,창녕군,차대차,기타,기타,운전자법규위반,안전운전 의무 불이행,단일로,기타단일로,승용차,승용차,승용차,승용차,1100110,1716017,128.6029209,35.43489807
2017,2017-09-27,43,야간,수,1,1,0,0,0,전북,완주군,차대사람,횡단중,횡단중,운전자법규위반,안전운전 의무 불이행,교차로,교차로내,승용차,승용차,보행자,보행자,969433,1771360,127.1611113,35.93845243
2017,2017-09-27,40,야간,수,1,1,0,0,0,경북,영주시,차대사람,차도통행중,차도통행중,운전자법규위반,안전운전 의무 불이행,단일로,기타단일로,화물차,화물차,보행자,보행자,1099280,1868523,128.6130178,36.80968286
2017,2017-09-27,28,야간,수,1,1,0,0,0,서울,중구,차대사람,보도통행중,보도통행중,운전자법규위반,안전운전 의무 불이행,단일로,기타단일로,승용차,승용차,보행자,보행자,955436,1951483,126.9954125,37.56162658
2017,2017-09-27,40,야간,수,1,1,0,0,0,인천,연수구,차량단독,공작물충돌,공작물충돌,운전자법규위반,안전운전 의무 불이행,단일로,기타단일로,승용차,승용차,없음,없음,929064,1937693,126.6968461,37.43609771
2017,2017-09-28,35,야간,목,1,1,0,0,0,경북,봉화군,차량단독,공작물충돌,공작물충돌,운전자법규위반,안전운전 의무 불이행,단일로,기타단일로,화물차,화물차,없음,없음,1108062,1876270,128.7125548,36.87854171
2017,2017-09-28,40,야간,목,1,2,0,1,0,충남,당진시,차량단독,공작물충돌,공작물충돌,운전자법규위반,안전운전 의무 불이행,단일로,기타단일로,이륜차,이륜차,없음,없음,922958,1878496,126.6352485,36.90164764
2017,2017-09-28,25,야간,목,1,2,0,1,0,경기,평택시,차대차,측면충돌,측면충돌,운전자법규위반,신호위반,교차로,교차로내,승용차,승용차,승용차,승용차,959200,1894252,127.0411749,37.04593942
2017,2017-09-28,8,주간,목,1,1,0,0,0,전남,장성군,차대차,추돌,추돌,운전자법규위반,과속,단일로,기타단일로,승용차,승용차,이륜차,이륜차,936565,1703705,126.802916,35.32738187
2017,2017-09-28,50,주간,목,1,1,0,0,0,경기,의정부시,차대차,측면충돌,측면충돌,운전자법규위반,안전운전 의무 불이행,단일로,기타단일로,원동기장치자전거,원동기장치자전거,승합차,승합차,959808,1971385,127.0438181,37.74120746
2017,2017-09-28,52,야간,목,1,1,0,0,0,경기,화성시,차대사람,기타,기타,운전자법규위반,안전운전 의무 불이행,단일로,기타단일로,화물차,화물차,보행자,보행자,941063,1892122,126.8373888,37.02577604
2017,2017-09-28,10,야간,목,1,1,0,0,0,경북,김천시,차량단독,공작물충돌,공작물충돌,운전자법규위반,안전운전 의무 불이행,단일로,기타단일로,화물차,화물차,없음,없음,1046828,1767118,128.0189149,35.89956355
2017,2017-09-28,54,야간,목,1,2,0,0,1,경북,울진군,차대차,기타,기타,운전자법규위반,안전운전 의무 불이행,단일로,기타단일로,승용차,승용차,화물차,화물차,1167829,1881853,129.3841614,36.92011056
2017,2017-09-28,40,야간,목,1,1,0,0,0,경기,용인시,차대사람,보도통행중,보도통행중,운전자법규위반,보행자 보호의무 위반,교차로,교차로횡단보도내,화물차,화물차,보행자,보행자,963939,1917447,127.093349,37.25521266
2017,2017-09-28,45,야간,목,1,1,0,0,0,경북,경주시,차대사람,길가장자리구역통행중,길가장자리구역통행중,운전자법규위반,안전운전 의무 불이행,단일로,기타단일로,화물차,화물차,보행자,보행자,1166232,1743055,129.3366769,35.66971548
2017,2017-09-29,50,야간,금,1,1,0,0,0,서울,강남구,차대사람,기타,기타,운전자법규위반,안전운전 의무 불이행,단일로,기타단일로,승용차,승용차,보행자,보행자,958007,1945041,127.0248908,37.50368368
2017,2017-09-29,10,야간,금,1,1,0,0,0,서울,강남구,차대사람,보도통행중,보도통행중,운전자법규위반,신호위반,교차로,교차로부근,승용차,승용차,보행자,보행자,958912,1946342,127.0350569,37.5154508
2017,2017-09-29,34,주간,금,1,1,0,0,0,서울,강남구,차대차,추돌,추돌,운전자법규위반,과속,단일로,기타단일로,승용차,승용차,이륜차,이륜차,960095,1941705,127.0486947,37.47370762
2017,2017-09-29,30,주간,금,1,1,0,0,0,경남,창녕군,차대차,측면충돌,측면충돌,운전자법규위반,신호위반,교차로,교차로내,자전거,자전거,승용차,승용차,1093171,1718206,128.5267353,35.45530667
2017,2017-09-29,52,주간,금,1,1,0,0,0,경기,안산시,차대차,측면충돌,측면충돌,운전자법규위반,안전운전 의무 불이행,단일로,기타단일로,이륜차,이륜차,화물차,화물차,941570,1927749,126.8403011,37.34693344
2017,2017-09-29,10,주간,금,1,1,0,0,0,부산,사하구,차대사람,횡단중,횡단중,운전자법규위반,안전운전 의무 불이행,교차로,교차로횡단보도내,승용차,승용차,보행자,보행자,1136633,1678170,128.9995914,35.08942152
2017,2017-09-29,25,주간,금,1,1,0,0,0,강원,평창군,차대차,정면충돌,정면충돌,운전자법규위반,중앙선 침범,단일로,기타단일로,승용차,승용차,건설기계,건설기계,1091707,1960970,128.5395059,37.64363606
2017,2017-09-29,30,주간,금,1,2,0,1,0,전북,순창군,차대차,측면충돌,측면충돌,운전자법규위반,신호위반,교차로,교차로내,승합차,승합차,승용차,승용차,967731,1706891,127.1448242,35.35712594
2017,2017-09-29,40,주간,금,1,1,0,0,0,전북,익산시,차대차,기타,기타,운전자법규위반,안전운전 의무 불이행,교차로,교차로부근,승용차,승용차,이륜차,이륜차,951832,1773888,126.9658847,35.96092241
2017,2017-09-29,47,주간,금,1,1,0,0,0,경기,이천시,차량단독,전도전복,전도전복,운전자법규위반,안전운전 의무 불이행,단일로,기타단일로,사륜오토바이(ATV),사륜오토바이(ATV),없음,없음,996323,1917518,127.4585346,37.2565437
2017,2017-09-29,36,주간,금,1,1,0,0,0,전북,군산시,차대사람,횡단중,횡단중,운전자법규위반,보행자 보호의무 위반,단일로,기타단일로,승용차,승용차,보행자,보행자,929963,1775805,126.723151,35.97649208
2017,2017-09-29,45,주간,금,1,2,0,1,0,부산,기장군,차대차,측면충돌,측면충돌,운전자법규위반,신호위반,교차로,교차로내,이륜차,이륜차,승용차,승용차,1152037,1703929,129.1725634,35.31937589
2017,2017-09-29,0,주간,금,1,1,0,0,0,강원,홍천군,차대차,측면충돌,측면충돌,운전자법규위반,직진 및 우회전차의 통행방해,교차로,교차로내,이륜차,이륜차,승용차,승용차,1038042,1964833,127.9322365,37.6819678
2017,2017-09-29,0,야간,금,2,2,0,0,0,전남,해남군,차대차,추돌,추돌,운전자법규위반,안전운전 의무 불이행,단일로,기타단일로,화물차,화물차,농기계,농기계,909253,1605380,126.5122508,34.43827373
2017,2017-09-29,0,야간,금,1,1,0,0,0,전북,고창군,차량단독,도로이탈,도로이탈 추락,운전자법규위반,안전운전 의무 불이행,단일로,기타단일로,농기계,농기계,없음,없음,924812,1722728,126.6709965,35.49759886
2017,2017-09-29,0,야간,금,1,1,0,0,0,경기,오산시,차대차,측면충돌,측면충돌,운전자법규위반,안전운전 의무 불이행,단일로,기타단일로,승용차,승용차,이륜차,이륜차,959058,1905516,127.0389633,37.14746682
2017,2017-09-29,26,야간,금,1,2,0,1,0,경북,경산시,차대사람,길가장자리구역통행중,길가장자리구역통행중,운전자법규위반,안전운전 의무 불이행,단일로,기타단일로,이륜차,이륜차,보행자,보행자,1111465,1759985,128.7340733,35.8300363
2017,2017-09-30,0,야간,토,1,1,0,0,0,충북,충주시,차량단독,공작물충돌,공작물충돌,운전자법규위반,안전운전 의무 불이행,교차로,교차로내,승용차,승용차,없음,없음,1035633,1882858,127.9001814,36.94344191
2017,2017-09-30,15,야간,토,1,1,0,0,0,서울,강남구,차대차,기타,기타,운전자법규위반,안전운전 의무 불이행,단일로,교량위,승용차,승용차,이륜차,이륜차,960749,1947669,127.0557725,37.52749152
2017,2017-09-30,14,야간,토,1,1,0,0,0,광주,서구,차대사람,횡단중,횡단중,운전자법규위반,과속,교차로,교차로횡단보도내,승용차,승용차,보행자,보행자,941242,1684239,126.8549004,35.15167603
2017,2017-09-30,0,주간,토,1,1,0,0,0,경기,용인시,차대사람,기타,기타,운전자법규위반,안전운전 의무 불이행,단일로,기타단일로,화물차,화물차,보행자,보행자,991171,1903751,127.4005985,37.13241171
2017,2017-09-30,35,주간,토,1,1,0,0,0,전남,곡성군,차량단독,기타,기타,운전자법규위반,안전운전 의무 불이행,교차로,교차로부근,이륜차,이륜차,없음,없음,981242,1698104,127.2937361,35.27823989
2017,2017-09-30,0,주간,토,1,1,0,0,0,전남,해남군,차량단독,공작물충돌,공작물충돌,운전자법규위반,안전운전 의무 불이행,단일로,기타단일로,승용차,승용차,없음,없음,923306,1607139,126.6650393,34.45527503
2017,2017-09-30,2,주간,토,1,1,0,0,0,충남,천안시,차대차,측면충돌,측면충돌,운전자법규위반,신호위반,교차로,교차로부근,이륜차,이륜차,화물차,화물차,976007,1879566,127.2306461,36.91413492
2017,2017-09-30,10,주간,토,1,1,0,0,0,울산,남구,차대차,기타,기타,운전자법규위반,중앙선 침범,단일로,지하차도(도로)내,특수차,특수차,승용차,승용차,1168100,1729103,129.3544021,35.54366642
2017,2017-09-30,3,주간,토,1,7,0,6,0,경북,청도군,차대차,측면충돌,측면충돌,운전자법규위반,신호위반,교차로,교차로내,이륜차,이륜차,승합차,승합차,1125376,1747281,128.8860605,35.71384716
2017,2017-09-30,45,주간,토,1,1,0,0,0,전남,무안군,차량단독,기타,기타,운전자법규위반,안전운전 의무 불이행,단일로,기타단일로,농기계,농기계,없음,없음,906204,1652215,126.4738775,34.86028985
2017,2017-09-30,50,주간,토,1,2,1,0,0,전북,고창군,차대차,측면충돌,측면충돌,운전자법규위반,직진 및 우회전차의 통행방해,교차로,교차로부근,화물차,화물차,이륜차,이륜차,923795,1710736,126.6609072,35.38940372
2017,2017-09-30,10,주간,토,1,1,0,0,0,전북,김제시,차량단독,도로이탈,도로이탈 기타,운전자법규위반,안전운전 의무 불이행,단일로,기타단일로,화물차,화물차,없음,없음,938403,1760406,126.8179534,35.83823287
2017,2017-09-30,20,주간,토,1,1,0,0,0,부산,사상구,차대사람,횡단중,횡단중,운전자법규위반,보행자 보호의무 위반,단일로,기타단일로,승용차,승용차,보행자,보행자,1134250,1682928,128.9734735,35.13270244
2017,2017-09-30,5,야간,토,1,1,0,0,0,경남,합천군,차대차,측면충돌,측면충돌,운전자법규위반,신호위반,교차로,교차로내,자전거,자전거,승용차,승용차,1060759,1730377,128.1704976,35.56755062
2017,2017-09-30,55,야간,토,1,1,0,0,0,경북,상주시,차대사람,횡단중,횡단중,운전자법규위반,안전운전 의무 불이행,교차로,교차로부근,승용차,승용차,보행자,보행자,1040587,1827464,127.9528782,36.44388605
2017,2017-09-30,10,야간,토,1,3,1,1,0,경북,성주군,차대사람,길가장자리구역통행중,길가장자리구역통행중,운전자법규위반,안전운전 의무 불이행,기타,기타,화물차,화물차,보행자,보행자,1077285,1768212,128.356497,35.90749362
2017,2017-09-30,50,야간,토,1,2,0,0,1,경북,칠곡군,차대차,측면충돌,측면충돌,운전자법규위반,안전운전 의무 불이행,단일로,기타단일로,승용차,승용차,화물차,화물차,1092505,1790409,128.5277415,36.10626669
2017,2017-09-30,35,야간,토,1,1,0,0,0,충북,옥천군,차대사람,차도통행중,차도통행중,운전자법규위반,안전운전 의무 불이행,교차로,교차로내,이륜차,이륜차,보행자,보행자,1006190,1811734,127.568945,36.30291328
2017,2017-09-30,19,야간,토,1,2,1,0,0,경기,안산시,차대차,측면충돌,측면충돌,운전자법규위반,신호위반,교차로,교차로내,원동기장치자전거,원동기장치자전거,승용차,승용차,944556,1922833,126.8743798,37.30280678
2017,2017-10-01,30,야간,일,1,1,0,0,0,부산,동구,차대사람,횡단중,횡단중,운전자법규위반,안전운전 의무 불이행,단일로,기타단일로,승용차,승용차,보행자,보행자,1142059,1683641,129.0593392,35.13796706
2017,2017-10-01,30,야간,일,1,3,2,0,0,경남,김해시,차대차,측면충돌,측면충돌,운전자법규위반,중앙선 침범,단일로,기타단일로,승용차,승용차,승용차,승용차,1135064,1699054,128.9851088,35.27786495
2017,2017-10-01,20,야간,일,1,1,0,0,0,경남,진주시,차대사람,기타,기타,운전자법규위반,과속,단일로,기타단일로,승용차,승용차,보행자,보행자,1070526,1694428,128.2751623,35.2427866
2017,2017-10-01,10,주간,일,1,2,0,1,0,대구,동구,차대차,측면충돌,측면충돌,운전자법규위반,신호위반,기타,기타,이륜차,이륜차,승용차,승용차,1101380,1764936,128.6230677,35.87576127
2017,2017-10-01,40,주간,일,1,3,1,1,0,경기,남양주시,차대차,추돌,추돌,운전자법규위반,안전운전 의무 불이행,기타,기타,승용차,승용차,화물차,화물차,971599,1957345,127.1781915,37.61510337
2017,2017-10-01,35,주간,일,1,1,0,0,0,충남,서천군,차량단독,기타,기타,운전자법규위반,안전운전 의무 불이행,교차로,교차로내,승용차,승용차,없음,없음,928733,1779179,126.7092055,36.00681991
2017,2017-10-01,35,주간,일,1,1,0,0,0,전북,군산시,차량단독,공작물충돌,공작물충돌,운전자법규위반,안전운전 의무 불이행,교차로,교차로부근,화물차,화물차,없음,없음,931893,1777173,126.7444392,35.98896154
2017,2017-10-01,25,주간,일,1,1,0,0,0,경기,김포시,차대차,기타,기타,운전자법규위반,안전운전 의무 불이행,단일로,기타단일로,승합차,승합차,자전거,자전거,916869,1968616,126.5568191,37.71335956
2017,2017-10-01,26,야간,일,1,1,0,0,0,충남,천안시,차량단독,공작물충돌,공작물충돌,운전자법규위반,안전운전 의무 불이행,단일로,기타단일로,화물차,화물차,없음,없음,972342,1867038,127.1899585,36.80110068
2017,2017-10-01,35,야간,일,1,2,1,0,0,경기,의왕시,차대차,측면충돌,측면충돌,운전자법규위반,안전운전 의무 불이행,단일로,기타단일로,승용차,승용차,승용차,승용차,952635,1929044,126.9651412,37.35923661
2017,2017-10-01,30,야간,일,1,2,1,0,0,경기,고양시,차대사람,횡단중,횡단중,운전자법규위반,보행자 보호의무 위반,교차로,교차로내,승용차,승용차,보행자,보행자,941444,1958563,126.8364266,37.62465469
2017,2017-10-01,10,야간,일,3,4,1,0,0,충남,논산시,차대차,정면충돌,정면충돌,운전자법규위반,중앙선 침범,단일로,교량위,승용차,승용차,승용차,승용차,957440,1795973,127.0268253,36.15990349
2017,2017-10-01,35,야간,일,1,1,0,0,0,광주,북구,차대사람,차도통행중,차도통행중,운전자법규위반,안전운전 의무 불이행,단일로,기타단일로,승용차,승용차,보행자,보행자,947135,1688079,126.91935,35.18662744
2017,2017-10-02,10,야간,월,1,1,0,0,0,충남,논산시,차대사람,횡단중,횡단중,운전자법규위반,안전운전 의무 불이행,단일로,기타단일로,화물차,화물차,보행자,보행자,964675,1792690,127.1074084,36.13059639
2017,2017-10-02,10,야간,월,1,2,1,0,0,경기,의정부시,차대차,추돌,추돌,운전자법규위반,안전운전 의무 불이행,단일로,기타단일로,이륜차,이륜차,승용차,승용차,962573,1972870,127.0751237,37.75470909
2017,2017-10-02,5,야간,월,1,2,1,0,0,경남,거제시,차량단독,기타,기타,운전자법규위반,안전운전 의무 불이행,단일로,기타단일로,승용차,승용차,없음,없음,1099682,1655857,128.5909387,34.89256573
2017,2017-10-02,28,야간,월,1,1,0,0,0,서울,동대문구,차량단독,공작물충돌,공작물충돌,운전자법규위반,안전운전 의무 불이행,교차로,교차로내,이륜차,이륜차,없음,없음,961892,1952689,127.0684474,37.57278641
2017,2017-10-02,2,야간,월,1,1,0,0,0,서울,서대문구,차대사람,횡단중,횡단중,운전자법규위반,보행자 보호의무 위반,단일로,기타단일로,승합차,승합차,보행자,보행자,950350,1954550,126.9376194,37.58900965
2017,2017-10-02,58,야간,월,1,1,0,0,0,경기,안양시,차대차,측면충돌,측면충돌,운전자법규위반,안전운전 의무 불이행,교차로,교차로내,화물차,화물차,원동기장치자전거,원동기장치자전거,952998,1931616,126.9690767,37.38243773
2017,2017-10-02,20,주간,월,1,1,0,0,0,광주,동구,차대사람,기타,기타,운전자법규위반,안전운전 의무 불이행,단일로,기타단일로,승용차,승용차,보행자,보행자,947643,1682295,126.9252964,35.13450119
2017,2017-10-02,0,주간,월,1,1,0,0,0,전남,장성군,차대사람,기타,기타,운전자법규위반,안전운전 의무 불이행,교차로,교차로내,화물차,화물차,보행자,보행자,934129,1705232,126.7751298,35.3405154
2017,2017-10-02,15,주간,월,1,1,0,0,0,충남,논산시,차대사람,횡단중,횡단중,운전자법규위반,보행자 보호의무 위반,교차로,교차로횡단보도내,화물차,화물차,보행자,보행자,963882,1789805,127.0987278,36.10455734
2017,2017-10-02,18,주간,월,1,1,0,0,0,광주,북구,차대사람,횡단중,횡단중,운전자법규위반,안전운전 의무 불이행,교차로,교차로내,승용차,승용차,보행자,보행자,945094,1690023,126.8966964,35.20402228
2017,2017-10-02,0,야간,월,1,1,0,0,0,전북,남원시,차대차,추돌,추돌,운전자법규위반,안전운전 의무 불이행,단일로,기타단일로,화물차,화물차,자전거,자전거,988792,1712494,127.3765589,35.40810626
2017,2017-10-02,6,야간,월,1,1,0,0,0,경기,용인시,차대차,추돌,추돌,운전자법규위반,안전운전 의무 불이행,교차로,교차로횡단보도내,승용차,승용차,이륜차,이륜차,965611,1917458,127.1122028,37.25537506
2017,2017-10-03,0,야간,화,1,1,0,0,0,경기,가평군,차량단독,기타,기타,운전자법규위반,안전운전 의무 불이행,단일로,교량위,사륜오토바이(ATV),사륜오토바이(ATV),없음,없음,1002912,1967818,127.5330376,37.70993505
2017,2017-10-03,30,야간,화,1,1,0,0,0,경북,경산시,차대사람,기타,기타,운전자법규위반,안전운전 의무 불이행,교차로,교차로부근,승용차,승용차,보행자,보행자,1114046,1758419,128.7624189,35.81562357
2017,2017-10-03,47,주간,화,1,2,1,0,0,부산,사상구,차대차,추돌,추돌,운전자법규위반,안전운전 의무 불이행,단일로,기타단일로,승용차,승용차,특수차,특수차,1135561,1686989,128.9885842,35.1690432
2017,2017-10-03,35,주간,화,1,3,1,1,0,충남,아산시,차대차,측면충돌,측면충돌,운전자법규위반,중앙선 침범,불명,불명,승용차,승용차,승용차,승용차,954357,1852191,126.9892429,36.66656636
2017,2017-10-03,2,주간,화,1,1,0,0,0,강원,철원군,차량단독,전도전복,전도전복,운전자법규위반,안전운전 의무 불이행,기타,기타,원동기장치자전거,원동기장치자전거,없음,없음,977079,2018977,127.2383252,38.17074378
2017,2017-10-03,15,야간,화,1,4,2,1,0,충북,음성군,차대차,측면충돌,측면충돌,운전자법규위반,신호위반,교차로,교차로내,승용차,승용차,승합차,승합차,1009847,1892934,127.6107208,37.03489402
2017,2017-10-04,20,야간,수,1,1,0,0,0,서울,강북구,차대차,측면충돌,측면충돌,운전자법규위반,안전운전 의무 불이행,단일로,기타단일로,승용차,승용차,승용차,승용차,957017,1958336,127.0129107,37.62346918
2017,2017-10-04,0,주간,수,1,4,0,3,0,충남,금산군,차대차,측면충돌,측면충돌,운전자법규위반,안전운전 의무 불이행,단일로,기타단일로,승용차,승용차,승용차,승용차,996964,1799203,127.4662333,36.18995426
2017,2017-10-05,50,야간,목,1,1,0,0,0,경기,화성시,차량단독,기타,기타,운전자법규위반,안전운전 의무 불이행,단일로,기타단일로,이륜차,이륜차,없음,없음,943110,1900644,126.859756,37.10271764
2017,2017-10-05,50,야간,목,1,1,0,0,0,인천,부평구,차대차,기타,기타,운전자법규위반,안전운전 의무 불이행,교차로,교차로내,승용차,승용차,승용차,승용차,932097,1946085,126.7316679,37.51155041
2017,2017-10-05,10,주간,목,1,1,0,0,0,경남,창원시(통합),차대사람,기타,기타,운전자법규위반,안전운전 의무 불이행,단일로,기타단일로,승용차,승용차,보행자,보행자,1101934,1696831,128.6206209,35.26174745
2017,2017-10-05,30,주간,목,1,1,0,0,0,전남,강진군,차대사람,횡단중,횡단중,운전자법규위반,과속,단일로,기타단일로,승용차,승용차,보행자,보행자,935226,1616051,126.7941248,34.53645642
2017,2017-10-05,5,야간,목,1,1,0,0,0,광주,서구,차대사람,기타,기타,운전자법규위반,안전운전 의무 불이행,단일로,기타단일로,승용차,승용차,보행자,보행자,943497,1684350,126.8804871,35.15260215
2017,2017-10-06,30,야간,금,1,1,0,0,0,강원,원주시,차량단독,도로이탈,도로이탈 추락,운전자법규위반,안전운전 의무 불이행,단일로,기타단일로,이륜차,이륜차,없음,없음,1040498,1927514,127.9572336,37.345771
2017,2017-10-06,0,야간,금,1,1,0,0,0,충남,서산시,차량단독,공작물충돌,공작물충돌,운전자법규위반,중앙선 침범,단일로,기타단일로,승용차,승용차,없음,없음,906272,1864128,126.4497562,36.77063594
2017,2017-10-06,10,야간,금,1,1,0,0,0,대구,달성군,차량단독,기타,기타,운전자법규위반,안전운전 의무 불이행,단일로,기타단일로,이륜차,이륜차,없음,없음,1083920,1763301,128.4295023,35.86267437
2017,2017-10-06,12,야간,금,1,1,0,0,0,부산,사상구,차대사람,횡단중,횡단중,운전자법규위반,안전운전 의무 불이행,단일로,기타단일로,승용차,승용차,보행자,보행자,1135125,1686407,128.9837026,35.16385569
2017,2017-10-06,25,야간,금,1,1,0,0,0,제주,제주시,차대사람,횡단중,횡단중,운전자법규위반,과속,단일로,기타단일로,승용차,승용차,보행자,보행자,913539,1503407,126.5689764,33.51907531
2017,2017-10-06,50,주간,금,1,1,0,0,0,경기,포천시,차량단독,전도,전도,운전자법규위반,안전운전 의무 불이행,단일로,기타단일로,원동기장치자전거,원동기장치자전거,없음,없음,983275,1992409,127.3096816,37.93142878
2017,2017-10-06,35,주간,금,1,1,0,0,0,전남,광양시,차대차,측면충돌,측면충돌,운전자법규위반,중앙선 침범,단일로,기타단일로,화물차,화물차,원동기장치자전거,원동기장치자전거,1019127,1661801,127.7094819,34.95088111
2017,2017-10-06,0,주간,금,1,1,0,0,0,전남,진도군,차대차,기타,기타,운전자법규위반,직진 및 우회전차의 통행방해,교차로,교차로내,승합차,승합차,화물차,화물차,883287,1611321,126.2387599,34.48851418
2017,2017-10-06,26,주간,금,1,3,2,0,0,전남,진도군,차량단독,공작물충돌,공작물충돌,운전자법규위반,안전운전 의무 불이행,단일로,기타단일로,화물차,화물차,없음,없음,895340,1609388,126.3606308,34.4729198
2017,2017-10-06,0,야간,금,1,1,0,0,0,경기,여주시,차대사람,차도통행중,차도통행중,운전자법규위반,안전운전 의무 불이행,단일로,기타단일로,승용차,승용차,보행자,보행자,1015472,1925016,127.6746332,37.32400897
2017,2017-10-06,24,야간,금,1,2,0,1,0,서울,용산구,차대사람,횡단중,횡단중,운전자법규위반,안전운전 의무 불이행,단일로,기타단일로,승용차,승용차,보행자,보행자,954493,1946851,126.9850227,37.51983114