발생년,발생년월일시분,발생분,주야,요일,사망자수,사상자수,중상자수,경상자수,부상신고자수,발생지시도,발생지시군구,사고유형_대분류,사고유형_중분류,사고유형,법규위반_대분류,법규위반,도로형태_대분류,도로형태,당사자종별_1당_대분류,당사자종별_1당,당사자종별_2당_대분류,당사자종별_2당,발생위치X_UTMK,발생위치Y_UTMK,경도,위도
2017,2017-11-01,30,야간,수,1,1,0,0,0,경기,수원시,차대차,추돌,추돌,운전자법규위반,안전운전 의무 불이행,기타,기타,이륜차,이륜차,화물차,화물차,957755,1915263,127.0237395,37.23526661
2017,2017-11-01,5,주간,수,1,2,0,1,0,전남,장성군,차대차,후진중충돌,후진중충돌,운전자법규위반,기타(운전자법규위반),교차로,교차로부근,승용차,승용차,화물차,화물차,937137,1704452,126.8082888,35.33367665
2017,2017-11-01,20,주간,수,1,2,1,0,0,경북,영천시,차대사람,횡단중,횡단중,운전자법규위반,안전운전 의무 불이행,단일로,기타단일로,이륜차,이륜차,보행자,보행자,1129106,1774188,128.9316363,35.95588822
2017,2017-11-01,10,주간,수,1,1,0,0,0,경기,안산시,차대차,측면충돌,측면충돌,운전자법규위반,안전운전 의무 불이행,단일로,기타단일로,원동기장치자전거,원동기장치자전거,승용차,승용차,943437,1920627,126.8619219,37.28285575
2017,2017-11-01,10,주간,수,1,1,0,0,0,경북,안동시,차량단독,도로이탈,도로이탈 추락,운전자법규위반,안전운전 의무 불이행,교차로,교차로내,농기계,농기계,없음,없음,1120682,1858518,128.851315,36.71702775
2017,2017-11-01,20,주간,수,1,1,0,0,0,경북,상주시,차량단독,전도,전도,운전자법규위반,안전운전 의무 불이행,단일로,기타단일로,이륜차,이륜차,없음,없음,1052589,1810702,128.0856598,36.29219488
2017,2017-11-01,0,야간,수,1,1,0,0,0,경북,상주시,차대사람,횡단중,횡단중,운전자법규위반,안전운전 의무 불이행,교차로,교차로내,승합차,승합차,보행자,보행자,1055413,1840573,128.1192427,36.56131701
2017,2017-11-01,30,야간,수,1,1,0,0,0,전남,진도군,차대사람,횡단중,횡단중,운전자법규위반,안전운전 의무 불이행,단일로,기타단일로,승용차,승용차,보행자,보행자,893352,1611997,126.3383767,34.4964147
2017,2017-11-01,47,야간,수,1,3,0,2,0,전북,김제시,차대차,추돌,추돌,운전자법규위반,안전운전 의무 불이행,단일로,기타단일로,화물차,화물차,화물차,화물차,954625,1752287,126.9980286,35.76591799
2017,2017-11-01,30,야간,수,1,1,0,0,0,경남,진주시,차대차,추돌,추돌,운전자법규위반,안전운전 의무 불이행,단일로,기타단일로,승용차,승용차,건설기계,건설기계,1063638,1687570,128.1989303,35.18141297
2017,2017-11-01,3,야간,수,1,1,0,0,0,경남,거제시,차대사람,횡단중,횡단중,운전자법규위반,안전운전 의무 불이행,단일로,기타단일로,승용차,승용차,보행자,보행자,1102783,1655828,128.6248674,34.89199498
2017,2017-11-02,40,야간,목,1,1,0,0,0,경기,이천시,차대차,기타,기타,운전자법규위반,보행자 보호의무 위반,교차로,교차로내,승용차,승용차,승용차,승용차,995328,1920378,127.447296,37.28231932
2017,2017-11-02,20,야간,목,1,1,0,0,0,부산,북구,차대사람,횡단중,횡단중,운전자법규위반,신호위반,단일로,기타단일로,승합차,승합차,보행자,보행자,1137515,1691720,129.0108237,35.21142297
2017,2017-11-02,10,주간,목,1,1,0,0,0,경남,김해시,차대사람,차도통행중,차도통행중,운전자법규위반,안전운전 의무 불이행,단일로,기타단일로,승용차,승용차,보행자,보행자,1128378,1695123,128.9109982,35.24330979
2017,2017-11-02,38,주간,목,1,1,0,0,0,제주,제주시,차대차,추돌,추돌,운전자법규위반,안전운전 의무 불이행,단일로,기타단일로,승용차,승용차,농기계,농기계,941514,1503307,126.8702018,33.52007128
2017,2017-11-02,47,주간,목,1,1,0,0,0,전남,무안군,차대차,측면충돌,측면충돌,운전자법규위반,안전운전 의무 불이행,교차로,교차로부근,승용차,승용차,이륜차,이륜차,897393,1673566,126.3748736,35.05193403
2017,2017-11-02,24,주간,목,1,1,0,0,0,충남,부여군,차량단독,도로이탈,도로이탈 추락,운전자법규위반,안전운전 의무 불이행,단일로,기타단일로,건설기계,건설기계,없음,없음,942449,1788536,126.86071,36.09208296
2017,2017-11-02,40,주간,목,1,1,0,0,0,세종,세종,차량단독,전도,전도,운전자법규위반,안전운전 의무 불이행,단일로,기타단일로,이륜차,이륜차,없음,없음,981133,1847851,127.288977,36.62834974
2017,2017-11-02,46,주간,목,1,1,0,0,0,전남,보성군,차대사람,기타,기타,운전자법규위반,안전운전 의무 불이행,단일로,기타단일로,승합차,승합차,보행자,보행자,971700,1657423,127.1902035,34.91118809
2017,2017-11-02,23,주간,목,3,10,3,4,0,경남,창원시(통합),차대차,기타,기타,운전자법규위반,안전운전 의무 불이행,단일로,기타단일로,화물차,화물차,화물차,화물차,1107682,1692893,128.7142335,35.19412626
2017,2017-11-02,40,주간,목,1,1,0,0,0,강원,원주시,차대사람,기타,기타,운전자법규위반,안전운전 의무 불이행,단일로,기타단일로,승용차,승용차,보행자,보행자,1038785,1931573,127.9381065,37.38243042
2017,2017-11-02,35,주간,목,1,1,0,0,0,서울,중랑구,차대사람,차도통행중,차도통행중,운전자법규위반,안전운전 의무 불이행,단일로,기타단일로,승용차,승용차,보행자,보행자,963644,1956073,127.0881194,37.60335827
2017,2017-11-02,5,야간,목,1,1,0,0,0,경남,산청군,차대차,측면충돌,측면충돌,운전자법규위반,안전운전 의무 불이행,단일로,기타단일로,승용차,승용차,승용차,승용차,1043001,1701940,127.9730365,35.31207973
2017,2017-11-02,43,야간,목,1,1,0,0,0,충북,괴산군,차대사람,차도통행중,차도통행중,운전자법규위반,안전운전 의무 불이행,단일로,기타단일로,화물차,화물차,보행자,보행자,1020914,1857246,127.7341746,36.71300155
2017,2017-11-02,27,야간,목,1,1,0,0,0,충북,청주시,차대사람,횡단중,횡단중,운전자법규위반,안전운전 의무 불이행,교차로,교차로부근,승용차,승용차,보행자,보행자,1005327,1849742,127.5595946,36.64556903
2017,2017-11-02,57,야간,목,1,2,1,0,0,경북,성주군,차대차,측면충돌,측면충돌,운전자법규위반,신호위반,교차로,교차로내,화물차,화물차,승용차,승용차,1076963,1762276,128.3523553,35.85400525
2017,2017-11-02,50,야간,목,1,1,0,0,0,충북,단양군,차량단독,전도전복,전도전복,운전자법규위반,안전운전 의무 불이행,기타,기타,승용차,승용차,없음,없음,1080444,1887119,128.4038503,36.97908612
2017,2017-11-02,47,야간,목,1,1,0,0,0,경북,칠곡군,차량단독,전도,전도,운전자법규위반,안전운전 의무 불이행,교차로,교차로부근,승용차,승용차,없음,없음,1083027,1770581,128.420372,35.92837921
2017,2017-11-03,30,야간,금,1,2,0,1,0,광주,서구,차대차,추돌,추돌,운전자법규위반,안전운전 의무 불이행,단일로,기타단일로,승용차,승용차,화물차,화물차,941602,1680913,126.8590876,35.12170756
2017,2017-11-03,5,야간,금,1,1,0,0,0,서울,노원구,차대차,기타,기타,운전자법규위반,안전운전 의무 불이행,단일로,지하차도(도로)내,승용차,승용차,이륜차,이륜차,962137,1959011,127.0708947,37.62977834
2017,2017-11-03,59,야간,금,1,1,0,0,0,전남,장흥군,차대사람,기타,기타,운전자법규위반,안전운전 의무 불이행,단일로,기타단일로,승용차,승용차,보행자,보행자,951181,1618268,126.9678596,34.5573299
2017,2017-11-03,45,주간,금,1,1,0,0,0,경기,양주시,차량단독,기타,기타,운전자법규위반,안전운전 의무 불이행,단일로,기타단일로,화물차,화물차,없음,없음,952740,1974394,126.963403,37.76798945
2017,2017-11-03,25,주간,금,1,1,0,0,0,경기,용인시,차량단독,전복,전복,운전자법규위반,안전운전 의무 불이행,교차로,교차로부근,승용차,승용차,없음,없음,965471,1925122,127.110268,37.32445148
2017,2017-11-03,51,주간,금,1,1,0,0,0,강원,영월군,차량단독,전도전복,전도전복,운전자법규위반,안전운전 의무 불이행,단일로,기타단일로,화물차,화물차,없음,없음,1085054,1918140,128.4591618,37.25827239
2017,2017-11-03,0,주간,금,1,2,1,0,0,경북,김천시,차대차,측면충돌,측면충돌,운전자법규위반,교차로 통행방법 위반,교차로,교차로내,승용차,승용차,건설기계,건설기계,1069419,1785618,128.2708559,36.0650014
2017,2017-11-03,53,야간,금,1,1,0,0,0,서울,종로구,차대차,추돌,추돌,운전자법규위반,안전운전 의무 불이행,교차로,교차로내,승용차,승용차,기타,기타,955155,1952469,126.9921705,37.57049996
2017,2017-11-03,22,야간,금,1,1,0,0,0,경북,안동시,차대차,기타,기타,운전자법규위반,안전운전 의무 불이행,교차로,교차로부근,승용차,승용차,농기계,농기계,1107633,1829798,128.7012136,36.45974161
2017,2017-11-03,10,야간,금,1,2,0,1,0,충북,보은군,차대차,추돌,추돌,운전자법규위반,안전운전 의무 불이행,단일로,기타단일로,화물차,화물차,화물차,화물차,1024225,1828594,127.7703454,36.45462619
2017,2017-11-04,3,야간,토,1,1,0,0,0,인천,서구,차대사람,보도통행중,보도통행중,운전자법규위반,안전운전 의무 불이행,단일로,기타단일로,승용차,승용차,보행자,보행자,922728,1954808,126.6247481,37.58942966
2017,2017-11-04,50,주간,토,1,2,0,1,0,울산,북구,차대차,측면충돌,측면충돌,운전자법규위반,신호위반,교차로,교차로내,이륜차,이륜차,승용차,승용차,1168630,1732114,129.3608733,35.57071103
2017,2017-11-04,15,주간,토,1,1,0,0,0,강원,태백시,차량단독,공작물충돌,공작물충돌,운전자법규위반,안전운전 의무 불이행,단일로,기타단일로,화물차,화물차,없음,없음,1133535,1904282,129.0032675,37.12770739
2017,2017-11-04,30,주간,토,1,1,0,0,0,대구,수성구,차대차,측면충돌,측면충돌,운전자법규위반,안전운전 의무 불이행,단일로,기타단일로,승용차,승용차,자전거,자전거,1100440,1760731,128.6121268,35.83795238
2017,2017-11-04,7,주간,토,1,1,0,0,0,경기,남양주시,차대차,기타,기타,운전자법규위반,안전운전 의무 불이행,기타,기타,화물차,화물차,이륜차,이륜차,976836,1950615,127.2377436,37.55458981
2017,2017-11-04,10,주간,토,1,1,0,0,0,전남,고흥군,차량단독,전도전복,전도전복,운전자법규위반,안전운전 의무 불이행,단일로,기타단일로,이륜차,이륜차,없음,없음,985948,1647411,127.3463418,34.8212013
2017,2017-11-04,30,주간,토,1,1,0,0,0,서울,동대문구,차대사람,차도통행중,차도통행중,운전자법규위반,안전운전 의무 불이행,단일로,기타단일로,승용차,승용차,보행자,보행자,959789,1953228,127.0446032,37.5775551
2017,2017-11-04,5,주간,토,1,1,0,0,0,경기,의정부시,차대사람,기타,기타,운전자법규위반,안전운전 의무 불이행,단일로,기타단일로,승용차,승용차,보행자,보행자,960473,1968243,127.0515365,37.71291745
2017,2017-11-04,53,주간,토,1,1,0,0,0,경남,거창군,차대차,기타,기타,운전자법규위반,부당한 회전,단일로,기타단일로,자전거,자전거,화물차,화물차,1037905,1743501,127.9189201,35.68701891
2017,2017-11-04,0,야간,토,1,1,0,0,0,경북,구미시,차대차,기타,기타,운전자법규위반,안전운전 의무 불이행,단일로,기타단일로,화물차,화물차,화물차,화물차,1072618,1815059,128.3091022,36.3301709
2017,2017-11-04,9,야간,토,1,1,0,0,0,서울,영등포구,차대사람,횡단중,횡단중,운전자법규위반,안전운전 의무 불이행,단일로,기타단일로,승용차,승용차,보행자,보행자,947584,1946849,126.9069213,37.5196162
2017,2017-11-05,10,야간,일,1,1,0,0,0,충남,천안시,차대사람,횡단중,횡단중,운전자법규위반,안전운전 의무 불이행,단일로,기타단일로,승용차,승용차,보행자,보행자,970690,1883668,127.1707974,36.95096159
2017,2017-11-05,15,야간,일,1,2,1,0,0,경북,구미시,차량단독,공작물충돌,공작물충돌,운전자법규위반,안전운전 의무 불이행,기타,기타,승용차,승용차,없음,없음,1076673,1787028,128.3515366,36.07716728
2017,2017-11-05,45,주간,일,1,1,0,0,0,경북,경산시,차량단독,공작물충돌,공작물충돌,운전자법규위반,안전운전 의무 불이행,단일로,기타단일로,이륜차,이륜차,없음,없음,1118567,1758600,128.8124789,35.81671914
2017,2017-11-05,50,주간,일,1,1,0,0,0,경북,의성군,차대사람,길가장자리구역통행중,길가장자리구역통행중,운전자법규위반,안전운전 의무 불이행,단일로,기타단일로,승용차,승용차,보행자,보행자,1108536,1801240,128.7073107,36.20223421
2017,2017-11-05,55,야간,일,1,1,0,0,0,경기,고양시,차대사람,기타,기타,운전자법규위반,안전운전 의무 불이행,교차로,교차로내,승용차,승용차,보행자,보행자,942261,1958384,126.8456986,37.62309308
2017,2017-11-05,0,야간,일,1,1,0,0,0,충북,단양군,차량단독,전도전복,전도전복,운전자법규위반,안전운전 의무 불이행,교차로,교차로부근,화물차,화물차,없음,없음,1069316,1892006,128.2792795,37.02402157
2017,2017-11-05,50,야간,일,1,1,0,0,0,전북,김제시,차대사람,횡단중,횡단중,운전자법규위반,안전운전 의무 불이행,교차로,교차로부근,화물차,화물차,보행자,보행자,950472,1767909,126.9511175,35.90656194
2017,2017-11-05,40,야간,일,1,1,0,0,0,부산,강서구,차대사람,횡단중,횡단중,운전자법규위반,안전운전 의무 불이행,단일로,기타단일로,승용차,승용차,보행자,보행자,1132935,1691813,128.960524,35.21288512
2017,2017-11-05,9,야간,일,1,1,0,0,0,서울,영등포구,차대사람,횡단중,횡단중,운전자법규위반,안전운전 의무 불이행,교차로,교차로부근,승용차,승용차,보행자,보행자,948423,1946681,126.9163469,37.51797943
2017,2017-11-06,17,야간,월,1,1,0,0,0,경남,양산시,차량단독,공작물충돌,공작물충돌,운전자법규위반,안전운전 의무 불이행,단일로,기타단일로,승용차,승용차,없음,없음,1139036,1707063,129.030129,35.34951212
2017,2017-11-06,14,야간,월,1,1,0,0,0,충남,아산시,차량단독,공작물충돌,공작물충돌,운전자법규위반,안전운전 의무 불이행,교차로,교차로내,승용차,승용차,없음,없음,956700,1865832,127.0146876,36.78964297
2017,2017-11-06,5,야간,월,1,1,0,0,0,서울,동대문구,차량단독,기타,기타,운전자법규위반,안전운전 의무 불이행,단일로,기타단일로,이륜차,이륜차,없음,없음,959100,1954476,127.0367307,37.58877327
2017,2017-11-06,57,주간,월,1,1,0,0,0,경남,창녕군,차대사람,횡단중,횡단중,운전자법규위반,안전운전 의무 불이행,교차로,교차로내,승용차,승용차,보행자,보행자,1093498,1718619,128.5303857,35.45899929
2017,2017-11-06,0,주간,월,1,1,0,0,0,서울,영등포구,차대사람,횡단중,횡단중,운전자법규위반,안전운전 의무 불이행,단일로,기타단일로,승합차,승합차,보행자,보행자,947084,1946315,126.9012217,37.51460477
2017,2017-11-06,5,주간,월,1,1,0,0,0,전남,무안군,차대사람,기타,기타,운전자법규위반,안전운전 의무 불이행,단일로,기타단일로,승용차,승용차,보행자,보행자,906519,1666451,126.4757292,34.98867223
2017,2017-11-06,55,주간,월,1,1,0,0,0,서울,구로구,차대차,기타,기타,운전자법규위반,안전운전 의무 불이행,교차로,교차로내,승용차,승용차,자전거,자전거,940293,1943530,126.824608,37.48908893
2017,2017-11-06,15,주간,월,1,1,0,0,0,충남,서산시,차대차,측면충돌,측면충돌,운전자법규위반,안전운전 의무 불이행,교차로,교차로내,승용차,승용차,이륜차,이륜차,908265,1864013,126.4720987,36.76979444
2017,2017-11-06,35,주간,월,1,1,0,0,0,전북,김제시,차대사람,횡단중,횡단중,운전자법규위반,보행자 보호의무 위반,단일로,기타단일로,승용차,승용차,보행자,보행자,945953,1757053,126.9017749,35.80844853
2017,2017-11-06,6,야간,월,1,2,0,0,1,전북,전주시,차대사람,횡단중,횡단중,운전자법규위반,보행자 보호의무 위반,교차로,교차로내,자전거,자전거,보행자,보행자,967117,1757005,127.1360273,35.80895322
2017,2017-11-06,5,야간,월,1,1,0,0,0,경북,영천시,차대사람,횡단중,횡단중,운전자법규위반,보행자 보호의무 위반,교차로,교차로내,화물차,화물차,보행자,보행자,1119239,1775262,128.8224113,35.96682402
2017,2017-11-07,43,야간,화,1,1,0,0,0,인천,남동구,차대차,측면충돌,측면충돌,운전자법규위반,안전운전 의무 불이행,교차로,교차로내,승합차,승합차,이륜차,이륜차,932229,1939075,126.7338068,37.44837977
2017,2017-11-07,15,주간,화,1,1,0,0,0,부산,부산진구,차대사람,횡단중,횡단중,운전자법규위반,안전운전 의무 불이행,단일로,기타단일로,승용차,승용차,보행자,보행자,1139937,1686158,129.0367597,35.16090224
2017,2017-11-07,30,주간,화,1,1,0,0,0,부산,영도구,차대사람,횡단중,횡단중,운전자법규위반,과속,단일로,기타단일로,승용차,승용차,보행자,보행자,1141247,1678814,129.0506932,35.09481497
2017,2017-11-07,32,주간,화,1,2,1,0,0,경기,김포시,차대사람,횡단중,횡단중,운전자법규위반,신호위반,단일로,기타단일로,승합차,승합차,보행자,보행자,923268,1960608,126.6302553,37.64174706
2017,2017-11-07,5,주간,화,1,1,0,0,0,경북,안동시,차대사람,보도통행중,보도통행중,운전자법규위반,안전운전 의무 불이행,단일로,기타단일로,승합차,승합차,보행자,보행자,1109729,1841566,128.7262397,36.56543253
2017,2017-11-07,40,주간,화,1,1,0,0,0,전남,구례군,차량단독,전도,전도,운전자법규위반,안전운전 의무 불이행,단일로,기타단일로,농기계,농기계,없음,없음,993524,1702464,127.4284009,35.31749673
2017,2017-11-07,45,주간,화,1,1,0,0,0,전북,남원시,차대사람,횡단중,횡단중,운전자법규위반,과속,교차로,교차로내,승용차,승용차,보행자,보행자,988165,1712360,127.3696552,35.40689076
2017,2017-11-07,45,주간,화,1,1,0,0,0,충남,서산시,차대차,추돌,추돌,운전자법규위반,안전운전 의무 불이행,단일로,기타단일로,이륜차,이륜차,화물차,화물차,910499,1870155,126.4964054,36.82536808
2017,2017-11-07,0,주간,화,1,1,0,0,0,전남,나주시,차대차,추돌,추돌,운전자법규위반,안전운전 의무 불이행,단일로,기타단일로,승용차,승용차,건설기계,건설기계,927640,1663757,126.7073635,34.96611328
2017,2017-11-07,30,주간,화,1,1,0,0,0,대구,달서구,차대사람,횡단중,횡단중,운전자법규위반,과속,교차로,교차로부근,승용차,승용차,보행자,보행자,1093368,1759924,128.5337392,35.8313766
2017,2017-11-07,20,주간,화,1,3,2,0,0,경북,예천군,차대차,측면충돌,측면충돌,운전자법규위반,신호위반,교차로,교차로내,승용차,승용차,화물차,화물차,1077912,1837351,128.3703218,36.53070282
2017,2017-11-07,20,주간,화,1,1,0,0,0,전남,여수시,차량단독,전도,전도,운전자법규위반,안전운전 의무 불이행,교차로,교차로부근,농기계,농기계,없음,없음,1011927,1643162,127.6302485,34.7829186
2017,2017-11-07,20,주간,화,1,1,0,0,0,경남,하동군,차대차,기타,기타,운전자법규위반,안전운전 의무 불이행,기타,기타,승용차,승용차,자전거,자전거,1023017,1675474,127.752464,35.0740942
2017,2017-11-07,19,주간,화,1,1,0,0,0,서울,구로구,차대사람,횡단중,횡단중,운전자법규위반,안전운전 의무 불이행,단일로,기타단일로,승합차,승합차,보행자,보행자,945623,1943361,126.8849089,37.48789498
2017,2017-11-07,15,야간,화,1,1,0,0,0,충북,제천시,차대사람,차도통행중,차도통행중,운전자법규위반,안전운전 의무 불이행,단일로,기타단일로,승용차,승용차,보행자,보행자,1059771,1897182,128.1723893,37.07133281
2017,2017-11-07,0,야간,화,1,1,0,0,0,경기,성남시,차대사람,횡단중,횡단중,운전자법규위반,안전운전 의무 불이행,교차로,교차로부근,승합차,승합차,보행자,보행자,970372,1939113,127.1650245,37.45073121
2017,2017-11-07,20,야간,화,1,1,0,0,0,충북,음성군,차대사람,기타,기타,운전자법규위반,안전운전 의무 불이행,교차로,교차로내,승용차,승용차,보행자,보행자,1015372,1881231,127.6726059,36.92932408
2017,2017-11-07,0,야간,화,1,5,0,4,0,충북,옥천군,차대차,기타,기타,운전자법규위반,안전운전 의무 불이행,단일로,기타단일로,승용차,승용차,승용차,승용차,1007831,1808164,127.5871869,36.270716
2017,2017-11-08,48,야간,수,1,2,0,1,0,강원,춘천시,차대차,정면충돌,정면충돌,운전자법규위반,중앙선 침범,단일로,기타단일로,승용차,승용차,화물차,화물차,1022064,1983405,127.7507964,37.85016195
2017,2017-11-08,50,야간,수,1,1,0,0,0,서울,용산구,차량단독,공작물충돌,공작물충돌,운전자법규위반,안전운전 의무 불이행,단일로,기타단일로,승용차,승용차,없음,없음,951708,1947518,126.9534638,37.52570134
2017,2017-11-08,15,야간,수,1,1,0,0,0,서울,성북구,차대차,측면충돌,측면충돌,운전자법규위반,중앙선 침범,교차로,교차로횡단보도내,자전거,자전거,화물차,화물차,961190,1957126,127.0602626,37.61274891
2017,2017-11-08,20,주간,수,1,1,0,0,0,전북,군산시,차대사람,횡단중,횡단중,운전자법규위반,보행자 보호의무 위반,교차로,교차로부근,승용차,승용차,보행자,보행자,925946,1776044,126.6785762,35.97834995
2017,2017-11-08,17,주간,수,1,1,0,0,0,서울,송파구,차대사람,횡단중,횡단중,운전자법규위반,안전운전 의무 불이행,단일로,기타단일로,건설기계,건설기계,보행자,보행자,966981,1942338,127.1265418,37.47968495
2017,2017-11-08,0,주간,수,1,1,0,0,0,전남,영암군,차량단독,전도전복,전도전복,운전자법규위반,안전운전 의무 불이행,단일로,기타단일로,승용차,승용차,없음,없음,921159,1649155,126.6373516,34.83440291
2017,2017-11-08,40,주간,수,1,1,0,0,0,경북,영천시,차량단독,공작물충돌,공작물충돌,운전자법규위반,안전운전 의무 불이행,단일로,기타단일로,화물차,화물차,없음,없음,1138623,1794192,129.0406452,36.13487148
2017,2017-11-08,40,주간,수,1,1,0,0,0,전북,남원시,차대차,측면충돌,측면충돌,운전자법규위반,안전운전 의무 불이행,교차로,교차로내,이륜차,이륜차,화물차,화물차,981721,1702523,127.2989046,35.31809462
2017,2017-11-08,9,주간,수,1,1,0,0,0,충북,청주시,차대사람,횡단중,횡단중,운전자법규위반,안전운전 의무 불이행,교차로,교차로내,승용차,승용차,보행자,보행자,997718,1847913,127.4744761,36.62909281
2017,2017-11-08,55,야간,수,1,1,0,0,0,전남,순천시,차대사람,기타,기타,운전자법규위반,안전운전 의무 불이행,단일로,기타단일로,승용차,승용차,보행자,보행자,999461,1666279,127.4940939,34.9914419
2017,2017-11-08,43,야간,수,1,1,0,0,0,경북,구미시,차대차,측면충돌,측면충돌,운전자법규위반,신호위반,교차로,교차로부근,자전거,자전거,승용차,승용차,1084679,1788866,128.440639,36.09307144
2017,2017-11-09,50,야간,목,1,7,6,0,0,충북,괴산군,차대차,추돌,추돌,운전자법규위반,안전운전 의무 불이행,단일로,기타단일로,화물차,화물차,승용차,승용차,1043447,1862839,127.9867893,36.762656
2017,2017-11-09,1,야간,목,1,2,1,0,0,충북,괴산군,차대차,추돌,추돌,운전자법규위반,안전운전 의무 불이행,단일로,기타단일로,화물차,화물차,승용차,승용차,1043272,1863114,127.9848443,36.76514298
2017,2017-11-09,27,야간,목,1,4,1,2,0,충북,청주시,차대차,기타,기타,운전자법규위반,안전운전 의무 불이행,단일로,기타단일로,승용차,승용차,승용차,승용차,1000241,1853800,127.5026974,36.68216654
2017,2017-11-09,10,야간,목,1,1,0,0,0,광주,서구,차대사람,횡단중,횡단중,운전자법규위반,과속,교차로,교차로부근,승용차,승용차,보행자,보행자,943805,1683408,126.8830944,35.1443297
2017,2017-11-09,40,야간,목,1,1,0,0,0,경북,울진군,차량단독,공작물충돌,공작물충돌,운전자법규위반,안전운전 의무 불이행,주차장,주차장,화물차,화물차,없음,없음,1172759,1853633,129.4330797,36.66496947
2017,2017-11-09,5,주간,목,1,1,0,0,0,서울,동작구,차대사람,차도통행중,차도통행중,운전자법규위반,안전운전 의무 불이행,단일로,기타단일로,건설기계,건설기계,보행자,보행자,954193,1942737,126.9818842,37.48273559
2017,2017-11-09,30,주간,목,1,1,0,0,0,전남,영암군,차량단독,전도전복,전도전복,운전자법규위반,안전운전 의무 불이행,단일로,기타단일로,농기계,농기계,없음,없음,931928,1653013,126.7552066,34.86953426
2017,2017-11-09,4,주간,목,1,1,0,0,0,경북,경산시,차량단독,전도전복,전도전복,운전자법규위반,안전운전 의무 불이행,교차로,교차로부근,건설기계,건설기계,없음,없음,1124622,1753249,128.8786543,35.76773673
2017,2017-11-09,20,야간,목,1,1,0,0,0,서울,송파구,차대사람,횡단중,횡단중,운전자법규위반,안전운전 의무 불이행,단일로,기타단일로,승합차,승합차,보행자,보행자,965141,1945371,127.1055874,37.50695518
2017,2017-11-09,50,야간,목,1,1,0,0,0,서울,송파구,차대사람,횡단중,횡단중,운전자법규위반,안전운전 의무 불이행,교차로,교차로횡단보도내,승용차,승용차,보행자,보행자,965258,1945244,127.1069171,37.50581488
2017,2017-11-09,30,야간,목,1,2,0,1,0,경남,창원시(통합),차대차,추돌,추돌,운전자법규위반,안전운전 의무 불이행,단일로,기타단일로,화물차,화물차,화물차,화물차,1110034,1707804,128.7111258,35.35981122
2017,2017-11-09,10,야간,목,1,1,0,0,0,경북,청송군,차대사람,기타,기타,운전자법규위반,안전운전 의무 불이행,단일로,기타단일로,화물차,화물차,보행자,보행자,1125624,1808968,128.8985835,36.26981785
2017,2017-11-10,15,야간,금,1,1,0,0,0,경기,광주시,차대사람,횡단중,횡단중,운전자법규위반,안전운전 의무 불이행,교차로,교차로부근,화물차,화물차,보행자,보행자,984550,1928583,127.3255408,37.35616181
2017,2017-11-10,10,야간,금,1,1,0,0,0,전남,목포시,차대사람,기타,기타,운전자법규위반,안전운전 의무 불이행,단일로,기타단일로,승용차,승용차,보행자,보행자,898044,1644521,126.3855569,34.79013487
2017,2017-11-10,18,주간,금,1,1,0,0,0,부산,기장군,차대사람,횡단중,횡단중,운전자법규위반,보행자 보호의무 위반,교차로,교차로횡단보도내,건설기계,건설기계,보행자,보행자,1153151,1703671,129.1847765,35.31687393
2017,2017-11-10,10,주간,금,1,1,0,0,0,경남,합천군,차량단독,도로이탈,도로이탈 추락,운전자법규위반,안전운전 의무 불이행,단일로,기타단일로,이륜차,이륜차,없음,없음,1054539,1713730,128.1007429,35.41782002
2017,2017-11-10,10,주간,금,1,2,0,1,0,경북,김천시,차대차,정면충돌,정면충돌,운전자법규위반,교차로 통행방법 위반,교차로,교차로내,화물차,화물차,이륜차,이륜차,1063534,1797794,128.206494,36.17517139
2017,2017-11-10,15,주간,금,1,1,0,0,0,충북,충주시,차대차,기타,기타,운전자법규위반,기타(운전자법규위반),교차로,교차로내,특수차,특수차,승용차,승용차,1037287,1889039,127.9190617,36.99909484
2017,2017-11-10,25,주간,금,1,1,0,0,0,충남,논산시,차대차,측면충돌,측면충돌,운전자법규위반,신호위반,교차로,교차로내,이륜차,이륜차,화물차,화물차,973059,1801769,127.2002729,36.21271782
2017,2017-11-10,50,주간,금,1,2,1,0,0,경기,여주시,차량단독,전복,전복,운전자법규위반,안전운전 의무 불이행,교차로,교차로내,승용차,승용차,없음,없음,995830,1931078,127.4528988,37.37877068
2017,2017-11-10,41,야간,금,1,2,0,0,1,전남,나주시,차대차,추돌,추돌,운전자법규위반,안전운전 의무 불이행,단일로,기타단일로,승용차,승용차,원동기장치자전거,원동기장치자전거,935210,1664069,126.7902555,34.9694394
2017,2017-11-10,35,야간,금,1,2,1,0,0,전남,순천시,차대차,측면충돌,측면충돌,운전자법규위반,안전운전 의무 불이행,단일로,기타단일로,승용차,승용차,승용차,승용차,989068,1668728,127.3801798,35.0134666