발생년,발생년월일시분,발생분,주야,요일,사망자수,사상자수,중상자수,경상자수,부상신고자수,발생지시도,발생지시군구,사고유형_대분류,사고유형_중분류,사고유형,법규위반_대분류,법규위반,도로형태_대분류,도로형태,당사자종별_1당_대분류,당사자종별_1당,당사자종별_2당_대분류,당사자종별_2당,발생위치X_UTMK,발생위치Y_UTMK,경도,위도
2017,2017-11-29,3,야간,수,1,2,1,0,0,전북,전주시,차대사람,횡단중,횡단중,운전자법규위반,안전운전 의무 불이행,단일로,기타단일로,승용차,승용차,보행자,보행자,967505,1762006,127.1401184,35.85405525
2017,2017-11-30,35,야간,목,1,1,0,0,0,서울,동작구,차대사람,차도통행중,차도통행중,운전자법규위반,안전운전 의무 불이행,교차로,교차로내,화물차,화물차,보행자,보행자,952343,1945450,126.9607842,37.50709499
2017,2017-11-30,24,주간,목,1,2,0,1,0,경남,고성군,차대차,측면충돌,측면충돌,운전자법규위반,안전거리 미확보,교차로,교차로부근,이륜차,이륜차,건설기계,건설기계,1079026,1673834,128.3666071,35.05647296
2017,2017-11-30,48,주간,목,1,1,0,0,0,전남,나주시,차대차,기타,기타,운전자법규위반,중앙선 침범,교차로,교차로부근,자전거,자전거,화물차,화물차,931773,1674792,126.7517273,35.06589901
2017,2017-11-30,45,주간,목,1,2,1,0,0,전북,익산시,차대차,추돌,추돌,운전자법규위반,안전운전 의무 불이행,단일로,기타단일로,화물차,화물차,승용차,승용차,963612,1772614,127.0965192,35.94955872
2017,2017-11-30,55,주간,목,1,1,0,0,0,경기,수원시,차대사람,기타,기타,운전자법규위반,안전운전 의무 불이행,교차로,교차로내,화물차,화물차,보행자,보행자,953028,1922818,126.9699732,37.30313831
2017,2017-11-30,35,야간,목,1,1,0,0,0,경북,상주시,차대사람,횡단중,횡단중,운전자법규위반,보행자 보호의무 위반,단일로,기타단일로,화물차,화물차,보행자,보행자,1064458,1813811,128.2180879,36.31950137
2017,2017-11-30,25,야간,목,1,1,0,0,0,서울,노원구,차대사람,보도통행중,보도통행중,운전자법규위반,안전운전 의무 불이행,교차로,교차로내,승합차,승합차,보행자,보행자,962856,1957763,127.0791064,37.61855918
2017,2017-11-30,0,야간,목,1,1,0,0,0,대구,달성군,차대차,측면충돌,측면충돌,운전자법규위반,신호위반,교차로,교차로내,이륜차,이륜차,승합차,승합차,1084438,1754275,128.434285,35.78126038
2017,2017-11-30,25,야간,목,1,1,0,0,0,강원,양양군,차대사람,횡단중,횡단중,운전자법규위반,안전운전 의무 불이행,교차로,교차로내,승용차,승용차,보행자,보행자,1099392,2012501,128.633857,38.10748902
2017,2017-11-30,50,야간,목,1,1,0,0,0,서울,은평구,차대사람,횡단중,횡단중,운전자법규위반,안전운전 의무 불이행,단일로,기타단일로,승합차,승합차,보행자,보행자,949754,1956835,126.930712,37.60957215
2017,2017-12-01,50,야간,금,1,3,0,2,0,경기,시흥시,차량단독,공작물충돌,공작물충돌,운전자법규위반,안전운전 의무 불이행,단일로,기타단일로,승용차,승용차,없음,없음,926621,1925947,126.6717135,37.32963053
2017,2017-12-01,8,야간,금,1,1,0,0,0,경기,수원시,차대사람,차도통행중,차도통행중,운전자법규위반,안전운전 의무 불이행,단일로,기타단일로,승합차,승합차,보행자,보행자,958703,1917043,127.034328,37.2513536
2017,2017-12-01,40,야간,금,1,1,0,0,0,충남,당진시,차량단독,공작물충돌,공작물충돌,운전자법규위반,안전운전 의무 불이행,단일로,기타단일로,사륜오토바이(ATV),사륜오토바이(ATV),없음,없음,925717,1868400,126.6672016,36.81086675
2017,2017-12-01,41,야간,금,1,1,0,0,0,경기,광명시,차대차,추돌,추돌,운전자법규위반,안전운전 의무 불이행,단일로,기타단일로,이륜차,이륜차,건설기계,건설기계,944300,1943491,126.8699346,37.48898783
2017,2017-12-01,24,야간,금,1,1,0,0,0,서울,강서구,차대사람,횡단중,횡단중,운전자법규위반,보행자 보호의무 위반,교차로,교차로횡단보도내,화물차,화물차,보행자,보행자,941162,1949185,126.8339845,37.54011342
2017,2017-12-01,50,야간,금,1,1,0,0,0,전북,군산시,차대사람,기타,기타,운전자법규위반,안전운전 의무 불이행,단일로,기타단일로,승용차,승용차,보행자,보행자,928327,1777639,126.7048402,35.99290691
2017,2017-12-01,40,주간,금,1,1,0,0,0,경기,하남시,차대차,정면충돌,정면충돌,운전자법규위반,신호위반,교차로,교차로내,승용차,승용차,이륜차,이륜차,974800,1948496,127.2147656,37.53543678
2017,2017-12-01,17,주간,금,1,1,0,0,0,전남,여수시,차대사람,횡단중,횡단중,운전자법규위반,안전운전 의무 불이행,교차로,교차로부근,승용차,승용차,보행자,보행자,1021177,1638453,127.7313437,34.74029746
2017,2017-12-01,25,주간,금,1,1,0,0,0,전남,완도군,차대차,측면충돌,측면충돌,운전자법규위반,중앙선 침범,단일로,기타단일로,화물차,화물차,이륜차,이륜차,937053,1600757,126.8151607,34.39865494
2017,2017-12-01,35,주간,금,1,2,1,0,0,전북,고창군,차대차,측면충돌,측면충돌,운전자법규위반,신호위반,교차로,교차로내,승용차,승용차,승용차,승용차,924902,1724213,126.6718513,35.51099405
2017,2017-12-01,25,주간,금,1,1,0,0,0,경북,예천군,차량단독,도로이탈,도로이탈 추락,운전자법규위반,안전운전 의무 불이행,교차로,교차로부근,원동기장치자전거,원동기장치자전거,없음,없음,1081070,1853664,128.4073152,36.67748395
2017,2017-12-01,47,주간,금,1,1,0,0,0,전남,담양군,차량단독,기타,기타,운전자법규위반,안전운전 의무 불이행,단일로,기타단일로,원동기장치자전거,원동기장치자전거,없음,없음,944666,1698324,126.9329449,35.30241692
2017,2017-12-01,35,주간,금,1,1,0,0,0,부산,사하구,차대사람,길가장자리구역통행중,길가장자리구역통행중,운전자법규위반,안전운전 의무 불이행,기타,기타,승용차,승용차,보행자,보행자,1137369,1678344,129.0069846,35.09096539
2017,2017-12-01,50,주간,금,1,1,0,0,0,경북,안동시,차대사람,기타,기타,운전자법규위반,안전운전 의무 불이행,단일로,기타단일로,승용차,승용차,보행자,보행자,1111975,1846010,128.7520146,36.60536266
2017,2017-12-01,17,야간,금,1,1,0,0,0,울산,중구,차대사람,횡단중,횡단중,운전자법규위반,보행자 보호의무 위반,단일로,기타단일로,화물차,화물차,보행자,보행자,1163349,1729938,129.3021832,35.55198604
2017,2017-12-02,30,야간,토,1,5,2,1,1,경기,시흥시,차량단독,공작물충돌,공작물충돌,운전자법규위반,안전운전 의무 불이행,단일로,기타단일로,승용차,승용차,없음,없음,937273,1936737,126.791027,37.42766314
2017,2017-12-02,39,야간,토,1,1,0,0,0,전남,목포시,차대사람,횡단중,횡단중,운전자법규위반,신호위반,교차로,교차로횡단보도내,승용차,승용차,보행자,보행자,900977,1646713,126.3872203,34.79519338
2017,2017-12-02,45,주간,토,1,1,0,0,0,제주,제주시,차대사람,차도통행중,차도통행중,운전자법규위반,안전운전 의무 불이행,단일로,기타단일로,화물차,화물차,보행자,보행자,879492,1486992,126.2046262,33.36775667
2017,2017-12-02,39,주간,토,1,1,0,0,0,강원,강릉시,차대사람,횡단중,횡단중,운전자법규위반,과속,단일로,기타단일로,승합차,승합차,보행자,보행자,1122003,1972947,128.8848391,37.74803251
2017,2017-12-02,5,주간,토,1,2,1,0,0,충남,태안군,차대차,정면충돌,정면충돌,운전자법규위반,중앙선 침범,단일로,기타단일로,승용차,승용차,승용차,승용차,887356,1859848,126.2384725,36.73000224
2017,2017-12-02,16,주간,토,1,2,0,1,0,경남,함안군,차대차,측면충돌,측면충돌,운전자법규위반,중앙선 침범,단일로,기타단일로,화물차,화물차,화물차,화물차,1096653,1706526,128.5637165,35.34967576
2017,2017-12-02,5,주간,토,1,1,0,0,0,전남,함평군,차대차,측면충돌,측면충돌,운전자법규위반,안전운전 의무 불이행,단일로,기타단일로,승용차,승용차,승합차,승합차,907177,1678939,126.4815413,35.10132399
2017,2017-12-02,40,주간,토,1,1,0,0,0,강원,원주시,차대차,추돌,추돌,운전자법규위반,안전운전 의무 불이행,단일로,기타단일로,승용차,승용차,건설기계,건설기계,1034142,1908028,127.8845802,37.17038306
2017,2017-12-02,40,야간,토,2,3,1,0,0,충남,아산시,차대차,기타,기타,운전자법규위반,안전운전 의무 불이행,교차로,교차로내,승용차,승용차,승용차,승용차,961384,1865386,127.0672077,36.78582511
2017,2017-12-02,22,야간,토,1,2,1,0,0,제주,제주시,차대차,추돌,추돌,운전자법규위반,안전운전 의무 불이행,기타,기타,이륜차,이륜차,승용차,승용차,883205,1490189,126.2441154,33.3969961
2017,2017-12-02,57,야간,토,1,1,0,0,0,서울,성북구,차대사람,횡단중,횡단중,운전자법규위반,안전운전 의무 불이행,교차로,교차로부근,화물차,화물차,보행자,보행자,959060,1954916,127.036253,37.59273731
2017,2017-12-02,40,야간,토,1,1,0,0,0,충남,보령시,차량단독,기타,기타,운전자법규위반,안전운전 의무 불이행,교차로,교차로내,승용차,승용차,없음,없음,913226,1803566,126.5344686,36.22539853
2017,2017-12-02,0,야간,토,1,1,0,0,0,세종,세종,차대사람,기타,기타,운전자법규위반,안전운전 의무 불이행,단일로,기타단일로,승용차,승용차,보행자,보행자,980192,1838734,127.2786869,36.54614098
2017,2017-12-02,35,야간,토,1,1,0,0,0,울산,남구,차대사람,횡단중,횡단중,운전자법규위반,안전운전 의무 불이행,교차로,교차로부근,승용차,승용차,보행자,보행자,1164187,1728868,129.3112075,35.54220457
2017,2017-12-03,12,야간,일,1,2,1,0,0,서울,용산구,차대사람,횡단중,횡단중,운전자법규위반,과속,단일로,기타단일로,승용차,승용차,보행자,보행자,954901,1946818,126.9896417,37.51955374
2017,2017-12-03,20,야간,일,1,3,0,1,1,전북,김제시,차대차,기타,기타,운전자법규위반,안전운전 의무 불이행,단일로,기타단일로,승용차,승용차,승용차,승용차,921361,1792901,126.6260449,36.12995372
2017,2017-12-03,10,주간,일,1,1,0,0,0,강원,강릉시,차대사람,차도통행중,차도통행중,운전자법규위반,안전운전 의무 불이행,단일로,기타단일로,승합차,승합차,보행자,보행자,1119793,1978338,128.8606503,37.79690125
2017,2017-12-03,56,주간,일,1,1,0,0,0,제주,제주시,차대사람,횡단중,횡단중,운전자법규위반,안전운전 의무 불이행,교차로,교차로부근,승용차,승용차,보행자,보행자,876713,1479551,126.1757767,33.30034237
2017,2017-12-03,10,야간,일,1,1,0,0,0,경북,상주시,차대사람,차도통행중,차도통행중,운전자법규위반,안전운전 의무 불이행,단일로,기타단일로,승용차,승용차,보행자,보행자,1058996,1838217,128.1591002,36.53986415
2017,2017-12-03,20,야간,일,1,1,0,0,0,강원,원주시,차량단독,도로이탈,도로이탈 추락,운전자법규위반,안전운전 의무 불이행,단일로,기타단일로,화물차,화물차,없음,없음,1026310,1918308,127.7967234,37.26330022
2017,2017-12-03,15,야간,일,1,2,1,0,0,경기,용인시,차대차,정면충돌,정면충돌,운전자법규위반,중앙선 침범,단일로,기타단일로,화물차,화물차,화물차,화물차,986707,1908241,127.3502607,37.17283253
2017,2017-12-04,15,야간,월,1,1,0,0,0,대전,동구,차대사람,횡단중,횡단중,운전자법규위반,안전운전 의무 불이행,교차로,교차로횡단보도내,승용차,승용차,보행자,보행자,996300,1813782,127.4587792,36.32138974
2017,2017-12-04,40,야간,월,1,1,0,0,0,서울,종로구,차대사람,기타,기타,운전자법규위반,안전운전 의무 불이행,단일로,기타단일로,승용차,승용차,보행자,보행자,957352,1952764,127.0170316,37.57326326
2017,2017-12-04,40,주간,월,1,1,0,0,0,경기,화성시,차량단독,공작물충돌,공작물충돌,운전자법규위반,안전운전 의무 불이행,단일로,기타단일로,승용차,승용차,없음,없음,951194,1916389,126.9497014,37.24509542
2017,2017-12-04,40,주간,월,1,1,0,0,0,충남,서산시,차대차,측면충돌,측면충돌,운전자법규위반,안전운전 의무 불이행,단일로,기타단일로,자전거,자전거,승용차,승용차,913726,1858149,126.5339445,36.71745201
2017,2017-12-04,40,주간,월,1,1,0,0,0,경북,고령군,차대차,측면충돌,측면충돌,운전자법규위반,안전운전 의무 불이행,단일로,기타단일로,이륜차,이륜차,승용차,승용차,1083674,1746323,128.4250027,35.7096373
2017,2017-12-04,3,주간,월,1,1,0,0,0,서울,동대문구,차대사람,기타,기타,운전자법규위반,안전운전 의무 불이행,단일로,기타단일로,화물차,화물차,보행자,보행자,961413,1955971,127.0628502,37.60234801
2017,2017-12-04,57,주간,월,1,1,0,0,0,서울,은평구,차대사람,차도통행중,차도통행중,운전자법규위반,안전운전 의무 불이행,단일로,기타단일로,승합차,승합차,보행자,보행자,948408,1956382,126.9154945,37.6054147
2017,2017-12-04,50,주간,월,1,3,2,0,0,전북,김제시,차대차,측면충돌,측면충돌,운전자법규위반,교차로 통행방법 위반,교차로,교차로내,화물차,화물차,화물차,화물차,953913,1746439,126.9904882,35.71315942
2017,2017-12-04,45,주간,월,1,1,0,0,0,서울,강동구,차대사람,기타,기타,운전자법규위반,안전운전 의무 불이행,단일로,기타단일로,화물차,화물차,보행자,보행자,969542,1950703,127.1551605,37.55517069
2017,2017-12-04,35,야간,월,1,1,0,0,0,경남,창원시(통합),차대사람,길가장자리구역통행중,길가장자리구역통행중,운전자법규위반,안전운전 의무 불이행,단일로,기타단일로,승용차,승용차,보행자,보행자,1107601,1698603,128.6831424,35.27712925
2017,2017-12-04,19,야간,월,1,1,0,0,0,경남,거창군,차대차,측면충돌,측면충돌,운전자법규위반,안전운전 의무 불이행,단일로,기타단일로,화물차,화물차,이륜차,이륜차,1037987,1744393,127.9198684,35.69505817
2017,2017-12-04,55,야간,월,1,1,0,0,0,울산,울주군,차대사람,차도통행중,차도통행중,운전자법규위반,안전운전 의무 불이행,단일로,기타단일로,승용차,승용차,보행자,보행자,1149175,1736363,129.1470515,35.6121292
2017,2017-12-04,14,야간,월,1,1,0,0,0,경북,포항시,차량단독,도로이탈,도로이탈 기타,운전자법규위반,안전운전 의무 불이행,교차로,교차로부근,이륜차,이륜차,없음,없음,1186893,1785015,129.5746632,36.04408855
2017,2017-12-04,55,야간,월,1,1,0,0,0,경남,사천시,차대사람,차도통행중,차도통행중,운전자법규위반,안전운전 의무 불이행,단일로,기타단일로,승용차,승용차,보행자,보행자,1052737,1673920,128.0783411,35.05896534
2017,2017-12-05,55,야간,화,1,1,0,0,0,대구,북구,차대차,추돌,추돌,운전자법규위반,안전운전 의무 불이행,단일로,기타단일로,승용차,승용차,화물차,화물차,1099740,1765899,128.6050238,35.88461065
2017,2017-12-05,51,야간,화,2,3,1,0,0,대전,중구,차량단독,공작물충돌,공작물충돌,운전자법규위반,안전운전 의무 불이행,단일로,기타단일로,원동기장치자전거,원동기장치자전거,없음,없음,992655,1813994,127.4181692,36.32328012
2017,2017-12-05,30,주간,화,1,1,0,0,0,경북,울릉군,차대사람,기타,기타,운전자법규위반,안전운전 의무 불이행,기타,기타,화물차,화물차,보행자,보행자,1298136,1954479,130.8743182,37.54146062
2017,2017-12-05,40,주간,화,1,1,0,0,0,경남,진주시,차대차,측면충돌,측면충돌,운전자법규위반,교차로 통행방법 위반,교차로,교차로내,화물차,화물차,원동기장치자전거,원동기장치자전거,1059299,1693270,128.1516888,35.23307291
2017,2017-12-05,50,주간,화,1,3,0,2,0,경북,문경시,차대차,추돌,추돌,운전자법규위반,안전운전 의무 불이행,단일로,터널안,화물차,화물차,화물차,화물차,1056538,1851902,128.1326476,36.66337597
2017,2017-12-05,0,주간,화,1,1,0,0,0,전북,익산시,차대차,측면충돌,측면충돌,운전자법규위반,중앙선 침범,단일로,기타단일로,사륜오토바이(ATV),사륜오토바이(ATV),화물차,화물차,949638,1786440,126.9406973,36.07358611
2017,2017-12-05,50,야간,화,1,1,0,0,0,전북,익산시,차대차,측면충돌,측면충돌,운전자법규위반,신호위반,교차로,교차로내,승용차,승용차,이륜차,이륜차,954995,1773922,127.0009002,35.960992
2017,2017-12-05,5,야간,화,1,8,7,0,0,인천,서구,차대차,측면충돌,측면충돌,운전자법규위반,중앙선 침범,단일로,고가도로위,승용차,승용차,승용차,승용차,925884,1947228,126.6612582,37.52137371
2017,2017-12-05,21,야간,화,1,1,0,0,0,경기,화성시,차대사람,횡단중,횡단중,운전자법규위반,안전운전 의무 불이행,단일로,기타단일로,승합차,승합차,보행자,보행자,961287,1911277,127.0637643,37.19949089
2017,2017-12-06,40,야간,수,1,1,0,0,0,대구,달서구,차대사람,횡단중,횡단중,운전자법규위반,안전운전 의무 불이행,단일로,기타단일로,승용차,승용차,보행자,보행자,1094966,1760592,128.5515085,35.83724493
2017,2017-12-06,36,야간,수,1,1,0,0,0,경북,구미시,차량단독,공작물충돌,공작물충돌,운전자법규위반,안전운전 의무 불이행,단일로,기타단일로,이륜차,이륜차,없음,없음,1082360,1791400,128.4151468,36.11611396
2017,2017-12-06,18,주간,수,1,1,0,0,0,경남,함안군,차대차,정면충돌,정면충돌,운전자법규위반,중앙선 침범,단일로,기타단일로,승합차,승합차,건설기계,건설기계,1095843,1706479,128.5547978,35.34933015
2017,2017-12-06,30,주간,수,1,2,1,0,0,경남,의령군,차대차,측면충돌,측면충돌,운전자법규위반,안전운전 의무 불이행,교차로,교차로내,이륜차,이륜차,화물차,화물차,1072122,1705148,128.2936456,35.33932602
2017,2017-12-06,14,주간,수,1,1,0,0,0,충북,음성군,차대사람,횡단중,횡단중,운전자법규위반,과속,교차로,교차로내,승용차,승용차,보행자,보행자,1004768,1886822,127.5535733,36.97983747
2017,2017-12-06,20,주간,수,1,1,0,0,0,대구,북구,차대사람,횡단중,횡단중,운전자법규위반,보행자 보호의무 위반,교차로,교차로횡단보도내,화물차,화물차,보행자,보행자,1098948,1770647,128.5968412,35.92749156
2017,2017-12-06,45,야간,수,1,1,0,0,0,경기,부천시,차대사람,횡단중,횡단중,운전자법규위반,안전운전 의무 불이행,단일로,기타단일로,화물차,화물차,보행자,보행자,938878,1942867,126.8086579,37.48302071
2017,2017-12-06,5,야간,수,1,1,0,0,0,전북,김제시,차대사람,횡단중,횡단중,운전자법규위반,기타(운전자법규위반),교차로,교차로내,승용차,승용차,보행자,보행자,953067,1757752,126.9804728,35.81511665
2017,2017-12-06,20,야간,수,1,1,0,0,0,경기,성남시,차대사람,횡단중,횡단중,운전자법규위반,신호위반,교차로,교차로횡단보도내,승합차,승합차,보행자,보행자,968057,1935124,127.1390241,37.41469891
2017,2017-12-06,49,야간,수,1,1,0,0,0,전북,완주군,차대차,기타,기타,운전자법규위반,안전운전 의무 불이행,단일로,기타단일로,승용차,승용차,이륜차,이륜차,973604,1762030,127.207663,35.85445496
2017,2017-12-07,45,야간,목,1,1,0,0,0,전북,정읍시,차대사람,횡단중,횡단중,운전자법규위반,안전운전 의무 불이행,교차로,교차로내,승합차,승합차,보행자,보행자,939667,1730931,126.8341619,35.57257153
2017,2017-12-07,22,야간,목,1,1,0,0,0,충남,태안군,차대사람,횡단중,횡단중,운전자법규위반,기타(운전자법규위반),교차로,교차로횡단보도내,승용차,승용차,보행자,보행자,892994,1861897,126.3013138,36.74912203
2017,2017-12-07,40,주간,목,1,1,0,0,0,대전,중구,차대사람,차도통행중,차도통행중,운전자법규위반,안전운전 의무 불이행,단일로,기타단일로,화물차,화물차,보행자,보행자,990805,1813429,127.397565,36.3181705
2017,2017-12-07,10,주간,목,1,2,0,1,0,대구,남구,차대차,추돌,추돌,운전자법규위반,안전운전 의무 불이행,기타,기타,승용차,승용차,건설기계,건설기계,1098524,1760180,128.5908472,35.83317981
2017,2017-12-07,11,주간,목,1,1,0,0,0,충남,예산군,차량단독,공작물충돌,공작물충돌,운전자법규위반,안전운전 의무 불이행,단일로,교량위,승용차,승용차,없음,없음,942501,1854428,126.85641,36.68608863
2017,2017-12-07,24,주간,목,1,1,0,0,0,서울,송파구,차대사람,횡단중,횡단중,운전자법규위반,신호위반,교차로,교차로횡단보도내,건설기계,건설기계,보행자,보행자,965739,1946545,127.1122986,37.51755935
2017,2017-12-07,50,주간,목,1,2,0,1,0,전남,담양군,차대차,추돌,추돌,운전자법규위반,안전운전 의무 불이행,단일로,기타단일로,승용차,승용차,농기계,농기계,950368,1701942,126.9540212,35.31179043
2017,2017-12-07,55,주간,목,1,1,0,0,0,충남,부여군,차대차,추돌,추돌,운전자법규위반,안전운전 의무 불이행,단일로,기타단일로,승용차,승용차,이륜차,이륜차,936949,1815009,126.7974886,36.3303942
2017,2017-12-07,52,주간,목,1,1,0,0,0,서울,강동구,차대사람,기타,기타,운전자법규위반,안전운전 의무 불이행,단일로,기타단일로,승용차,승용차,보행자,보행자,968319,1951020,127.1413004,37.55798669
2017,2017-12-07,35,야간,목,1,1,0,0,0,경기,군포시,차대사람,기타,기타,운전자법규위반,안전운전 의무 불이행,단일로,기타단일로,승합차,승합차,보행자,보행자,949899,1926081,126.9344472,37.33238599
2017,2017-12-07,30,야간,목,1,1,0,0,0,충남,청양군,차량단독,공작물충돌,공작물충돌,운전자법규위반,안전운전 의무 불이행,교차로,교차로부근,화물차,화물차,없음,없음,936903,1829117,126.7958299,36.45757012
2017,2017-12-07,5,야간,목,1,5,1,3,0,경기,평택시,차대차,추돌,추돌,운전자법규위반,안전운전 의무 불이행,단일로,기타단일로,화물차,화물차,승용차,승용차,954188,1893650,126.98485,37.04028164
2017,2017-12-08,55,야간,금,1,2,1,0,0,경기,수원시,차대차,기타,기타,운전자법규위반,안전운전 의무 불이행,단일로,기타단일로,승용차,승용차,승용차,승용차,956596,1919544,127.010424,37.27380104
2017,2017-12-08,50,야간,금,1,3,0,2,0,충북,청주시,차대차,기타,기타,운전자법규위반,안전운전 의무 불이행,교차로,교차로부근,화물차,화물차,화물차,화물차,998390,1854023,127.4819795,36.68417553
2017,2017-12-08,20,야간,금,1,1,0,0,0,인천,남구,차대차,기타,기타,운전자법규위반,안전운전 의무 불이행,단일로,기타단일로,화물차,화물차,승합차,승합차,926476,1939543,126.6687249,37.45215823
2017,2017-12-08,52,야간,금,2,9,2,5,0,경기,시흥시,차대차,측면충돌,측면충돌,운전자법규위반,중앙선 침범,단일로,고가도로위,승용차,승용차,승용차,승용차,930792,1929070,126.7184991,37.35809854
2017,2017-12-08,35,주간,금,1,1,0,0,0,부산,사하구,차대사람,기타,기타,운전자법규위반,과속,단일로,기타단일로,승용차,승용차,보행자,보행자,1134069,1677678,128.9712804,35.08526116
2017,2017-12-08,5,주간,금,1,1,0,0,0,전남,고흥군,차대사람,횡단중,횡단중,운전자법규위반,안전운전 의무 불이행,교차로,교차로내,화물차,화물차,보행자,보행자,983770,1612754,127.3233519,34.50867287
2017,2017-12-08,5,주간,금,1,1,0,0,0,경기,평택시,차량단독,공작물충돌,공작물충돌,운전자법규위반,안전운전 의무 불이행,교차로,교차로내,승용차,승용차,없음,없음,959939,1885534,127.0499488,36.96738599
2017,2017-12-08,25,주간,금,1,1,0,0,0,충남,천안시,차대차,측면충돌,측면충돌,운전자법규위반,안전운전 의무 불이행,기타,기타,승용차,승용차,화물차,화물차,971329,1862348,127.1787796,36.75879196
2017,2017-12-08,10,주간,금,1,4,3,0,0,부산,영도구,차대차,정면충돌,정면충돌,운전자법규위반,중앙선 침범,단일로,교량위,승용차,승용차,승용차,승용차,1140329,1678822,129.0395118,35.09483036
2017,2017-12-08,40,주간,금,1,1,0,0,0,경기,부천시,차대사람,기타,기타,운전자법규위반,안전운전 의무 불이행,교차로,교차로내,화물차,화물차,보행자,보행자,935929,1943826,126.7752211,37.49146426
2017,2017-12-08,0,주간,금,1,1,0,0,0,울산,남구,차량단독,전도전복,전도전복,운전자법규위반,안전운전 의무 불이행,교차로,교차로부근,승용차,승용차,없음,없음,1163995,1724527,129.3082125,35.50311459
2017,2017-12-08,20,주간,금,1,1,0,0,0,경기,수원시,차대사람,차도통행중,차도통행중,운전자법규위반,안전운전 의무 불이행,단일로,기타단일로,승합차,승합차,보행자,보행자,956526,1920973,127.0095509,37.28667831
2017,2017-12-08,49,주간,금,1,1,0,0,0,전남,순천시,차량단독,전도전복,전도전복,운전자법규위반,안전운전 의무 불이행,단일로,기타단일로,기타,기타,없음,없음,992274,1649919,127.4154932,34.84388534
2017,2017-12-08,40,주간,금,1,1,0,0,0,대전,동구,차대사람,기타,기타,운전자법규위반,안전운전 의무 불이행,단일로,기타단일로,승용차,승용차,보행자,보행자,996472,1810885,127.4607085,36.29527255
2017,2017-12-08,0,야간,금,1,1,0,0,0,충남,보령시,차량단독,전도전복,전도전복,운전자법규위반,안전운전 의무 불이행,교차로,교차로내,농기계,농기계,없음,없음,914720,1828077,126.5484063,36.44647841
2017,2017-12-08,0,야간,금,1,1,0,0,0,경기,용인시,차대차,기타,기타,운전자법규위반,안전운전 의무 불이행,단일로,기타단일로,승용차,승용차,이륜차,이륜차,970319,1917389,127.1652958,37.25491508
2017,2017-12-08,39,야간,금,1,1,0,0,0,충북,청주시,차대사람,횡단중,횡단중,운전자법규위반,신호위반,교차로,교차로횡단보도내,승용차,승용차,보행자,보행자,994476,1846395,127.4382256,36.61539475
2017,2017-12-08,44,야간,금,1,2,1,0,0,경기,고양시,차량단독,공작물충돌,공작물충돌,운전자법규위반,안전운전 의무 불이행,단일로,기타단일로,승용차,승용차,없음,없음,944503,1965542,126.8705593,37.68774545
2017,2017-12-09,55,야간,토,1,1,0,0,0,전북,정읍시,차대사람,횡단중,횡단중,운전자법규위반,안전운전 의무 불이행,기타,기타,승용차,승용차,보행자,보행자,939519,1743197,126.8316088,35.68315139
2017,2017-12-09,53,야간,토,1,1,0,0,0,대구,달서구,차대사람,횡단중,횡단중,운전자법규위반,안전운전 의무 불이행,단일로,기타단일로,승용차,승용차,보행자,보행자,1094325,1761448,128.5445133,35.84502338
2017,2017-12-09,16,야간,토,1,1,0,0,0,경기,안양시,차대사람,횡단중,횡단중,운전자법규위반,보행자 보호의무 위반,교차로,교차로횡단보도내,승용차,승용차,보행자,보행자,953559,1932958,126.9753291,37.39456207
2017,2017-12-09,50,야간,토,1,2,1,0,0,부산,강서구,차대차,측면충돌,측면충돌,운전자법규위반,안전운전 의무 불이행,교차로,교차로내,승용차,승용차,화물차,화물차,1135579,1692669,128.9897164,35.22024084
2017,2017-12-09,45,야간,토,1,1,0,0,0,서울,동작구,차대사람,횡단중,횡단중,운전자법규위반,안전운전 의무 불이행,단일로,기타단일로,승용차,승용차,보행자,보행자,951479,1946103,126.9507302,37.51280562
2017,2017-12-09,20,주간,토,1,1,0,0,0,전북,순창군,차대사람,기타,기타,운전자법규위반,안전운전 의무 불이행,단일로,기타단일로,승용차,승용차,보행자,보행자,954004,1952035,126.9791642,37.56653145
2017,2017-12-09,17,주간,토,1,2,1,0,0,경기,광주시,차대차,정면충돌,정면충돌,운전자법규위반,중앙선 침범,단일로,기타단일로,원동기장치자전거,원동기장치자전거,승용차,승용차,978619,1935874,127.2583584,37.42176338
2017,2017-12-09,20,주간,토,1,1,0,0,0,경남,진주시,차대사람,기타,기타,운전자법규위반,보행자 보호의무 위반,단일로,기타단일로,승용차,승용차,보행자,보행자,1053504,1689021,128.0877294,35.1950873
2017,2017-12-09,5,주간,토,1,1,0,0,0,충남,논산시,차대사람,기타,기타,운전자법규위반,안전운전 의무 불이행,단일로,기타단일로,화물차,화물차,보행자,보행자,963845,1792330,127.0982008,36.12732022